DesignName,ParticipantID,TrialID,Block1,f
Rand. Function,1,1,1,trig
Rand. Function,1,2,2,line
Rand. Function,1,3,3,quad
Rand. Function,1,4,4,line
Rand. Function,1,5,5,trig
Rand. Function,1,6,6,quad
Rand. Function,1,7,7,trig
Rand. Function,1,8,8,line
Rand. Function,1,9,9,quad
Rand. Function,1,10,10,line
Rand. Function,1,11,11,trig
Rand. Function,1,12,12,quad
Rand. Function,1,13,13,trig
Rand. Function,1,14,14,line
Rand. Function,1,15,15,quad
Rand. Function,1,16,16,line
Rand. Function,1,17,17,trig
Rand. Function,1,18,18,quad
Rand. Function,1,19,19,trig
Rand. Function,1,20,20,line
Rand. Function,1,21,21,quad
Rand. Function,1,22,22,line
Rand. Function,1,23,23,trig
Rand. Function,1,24,24,quad
Rand. Function,1,25,25,trig
Rand. Function,1,26,26,line
Rand. Function,1,27,27,quad
Rand. Function,1,28,28,line
Rand. Function,1,29,29,trig
Rand. Function,1,30,30,quad
Rand. Function,1,31,31,trig
Rand. Function,1,32,32,line
Rand. Function,1,33,33,quad
Rand. Function,1,34,34,line
Rand. Function,1,35,35,trig
Rand. Function,1,36,36,quad
Rand. Function,1,37,37,trig
Rand. Function,1,38,38,line
Rand. Function,1,39,39,quad
Rand. Function,1,40,40,line
Rand. Function,1,41,41,trig
Rand. Function,1,42,42,quad
Rand. Function,1,43,43,trig
Rand. Function,1,44,44,line
Rand. Function,1,45,45,quad
Rand. Function,1,46,46,line
Rand. Function,1,47,47,trig
Rand. Function,1,48,48,quad
Rand. Function,1,49,49,trig
Rand. Function,1,50,50,line
Rand. Function,1,51,51,quad
Rand. Function,1,52,52,line
Rand. Function,1,53,53,trig
Rand. Function,1,54,54,quad
Rand. Function,1,55,55,trig
Rand. Function,1,56,56,line
Rand. Function,1,57,57,quad
Rand. Function,1,58,58,line
Rand. Function,1,59,59,trig
Rand. Function,1,60,60,quad
Rand. Function,1,61,61,trig
Rand. Function,1,62,62,line
Rand. Function,1,63,63,quad
Rand. Function,1,64,64,line
Rand. Function,1,65,65,trig
Rand. Function,1,66,66,quad
Rand. Function,1,67,67,trig
Rand. Function,1,68,68,line
Rand. Function,1,69,69,quad
Rand. Function,1,70,70,line
Rand. Function,1,71,71,trig
Rand. Function,1,72,72,quad
Rand. Function,1,73,73,trig
Rand. Function,1,74,74,line
Rand. Function,1,75,75,quad
Rand. Function,1,76,76,line
Rand. Function,1,77,77,trig
Rand. Function,1,78,78,quad
Rand. Function,1,79,79,trig
Rand. Function,1,80,80,line
Rand. Function,1,81,81,quad
Rand. Function,1,82,82,line
Rand. Function,1,83,83,trig
Rand. Function,1,84,84,quad
Rand. Function,1,85,85,trig
Rand. Function,1,86,86,line
Rand. Function,1,87,87,quad
Rand. Function,1,88,88,line
Rand. Function,1,89,89,trig
Rand. Function,1,90,90,quad
Rand. Function,1,91,91,trig
Rand. Function,1,92,92,line
Rand. Function,1,93,93,quad
Rand. Function,1,94,94,line
Rand. Function,1,95,95,trig
Rand. Function,1,96,96,quad
Rand. Function,2,97,1,quad
Rand. Function,2,98,2,trig
Rand. Function,2,99,3,line
Rand. Function,2,100,4,trig
Rand. Function,2,101,5,quad
Rand. Function,2,102,6,line
Rand. Function,2,103,7,quad
Rand. Function,2,104,8,trig
Rand. Function,2,105,9,line
Rand. Function,2,106,10,trig
Rand. Function,2,107,11,quad
Rand. Function,2,108,12,line
Rand. Function,2,109,13,quad
Rand. Function,2,110,14,trig
Rand. Function,2,111,15,line
Rand. Function,2,112,16,trig
Rand. Function,2,113,17,quad
Rand. Function,2,114,18,line
Rand. Function,2,115,19,quad
Rand. Function,2,116,20,trig
Rand. Function,2,117,21,line
Rand. Function,2,118,22,trig
Rand. Function,2,119,23,quad
Rand. Function,2,120,24,line
Rand. Function,2,121,25,quad
Rand. Function,2,122,26,trig
Rand. Function,2,123,27,line
Rand. Function,2,124,28,trig
Rand. Function,2,125,29,quad
Rand. Function,2,126,30,line
Rand. Function,2,127,31,quad
Rand. Function,2,128,32,trig
Rand. Function,2,129,33,line
Rand. Function,2,130,34,trig
Rand. Function,2,131,35,quad
Rand. Function,2,132,36,line
Rand. Function,2,133,37,quad
Rand. Function,2,134,38,trig
Rand. Function,2,135,39,line
Rand. Function,2,136,40,trig
Rand. Function,2,137,41,quad
Rand. Function,2,138,42,line
Rand. Function,2,139,43,quad
Rand. Function,2,140,44,trig
Rand. Function,2,141,45,line
Rand. Function,2,142,46,trig
Rand. Function,2,143,47,quad
Rand. Function,2,144,48,line
Rand. Function,2,145,49,quad
Rand. Function,2,146,50,trig
Rand. Function,2,147,51,line
Rand. Function,2,148,52,trig
Rand. Function,2,149,53,quad
Rand. Function,2,150,54,line
Rand. Function,2,151,55,quad
Rand. Function,2,152,56,trig
Rand. Function,2,153,57,line
Rand. Function,2,154,58,trig
Rand. Function,2,155,59,quad
Rand. Function,2,156,60,line
Rand. Function,2,157,61,quad
Rand. Function,2,158,62,trig
Rand. Function,2,159,63,line
Rand. Function,2,160,64,trig
Rand. Function,2,161,65,quad
Rand. Function,2,162,66,line
Rand. Function,2,163,67,quad
Rand. Function,2,164,68,trig
Rand. Function,2,165,69,line
Rand. Function,2,166,70,trig
Rand. Function,2,167,71,quad
Rand. Function,2,168,72,line
Rand. Function,2,169,73,quad
Rand. Function,2,170,74,trig
Rand. Function,2,171,75,line
Rand. Function,2,172,76,trig
Rand. Function,2,173,77,quad
Rand. Function,2,174,78,line
Rand. Function,2,175,79,quad
Rand. Function,2,176,80,trig
Rand. Function,2,177,81,line
Rand. Function,2,178,82,trig
Rand. Function,2,179,83,quad
Rand. Function,2,180,84,line
Rand. Function,2,181,85,quad
Rand. Function,2,182,86,trig
Rand. Function,2,183,87,line
Rand. Function,2,184,88,trig
Rand. Function,2,185,89,quad
Rand. Function,2,186,90,line
Rand. Function,2,187,91,quad
Rand. Function,2,188,92,trig
Rand. Function,2,189,93,line
Rand. Function,2,190,94,trig
Rand. Function,2,191,95,quad
Rand. Function,2,192,96,line
Rand. Function,3,193,1,line
Rand. Function,3,194,2,quad
Rand. Function,3,195,3,trig
Rand. Function,3,196,4,quad
Rand. Function,3,197,5,line
Rand. Function,3,198,6,trig
Rand. Function,3,199,7,line
Rand. Function,3,200,8,quad
Rand. Function,3,201,9,trig
Rand. Function,3,202,10,quad
Rand. Function,3,203,11,line
Rand. Function,3,204,12,trig
Rand. Function,3,205,13,line
Rand. Function,3,206,14,quad
Rand. Function,3,207,15,trig
Rand. Function,3,208,16,quad
Rand. Function,3,209,17,line
Rand. Function,3,210,18,trig
Rand. Function,3,211,19,line
Rand. Function,3,212,20,quad
Rand. Function,3,213,21,trig
Rand. Function,3,214,22,quad
Rand. Function,3,215,23,line
Rand. Function,3,216,24,trig
Rand. Function,3,217,25,line
Rand. Function,3,218,26,quad
Rand. Function,3,219,27,trig
Rand. Function,3,220,28,quad
Rand. Function,3,221,29,line
Rand. Function,3,222,30,trig
Rand. Function,3,223,31,line
Rand. Function,3,224,32,quad
Rand. Function,3,225,33,trig
Rand. Function,3,226,34,quad
Rand. Function,3,227,35,line
Rand. Function,3,228,36,trig
Rand. Function,3,229,37,line
Rand. Function,3,230,38,quad
Rand. Function,3,231,39,trig
Rand. Function,3,232,40,quad
Rand. Function,3,233,41,line
Rand. Function,3,234,42,trig
Rand. Function,3,235,43,line
Rand. Function,3,236,44,quad
Rand. Function,3,237,45,trig
Rand. Function,3,238,46,quad
Rand. Function,3,239,47,line
Rand. Function,3,240,48,trig
Rand. Function,3,241,49,line
Rand. Function,3,242,50,quad
Rand. Function,3,243,51,trig
Rand. Function,3,244,52,quad
Rand. Function,3,245,53,line
Rand. Function,3,246,54,trig
Rand. Function,3,247,55,line
Rand. Function,3,248,56,quad
Rand. Function,3,249,57,trig
Rand. Function,3,250,58,quad
Rand. Function,3,251,59,line
Rand. Function,3,252,60,trig
Rand. Function,3,253,61,line
Rand. Function,3,254,62,quad
Rand. Function,3,255,63,trig
Rand. Function,3,256,64,quad
Rand. Function,3,257,65,line
Rand. Function,3,258,66,trig
Rand. Function,3,259,67,line
Rand. Function,3,260,68,quad
Rand. Function,3,261,69,trig
Rand. Function,3,262,70,quad
Rand. Function,3,263,71,line
Rand. Function,3,264,72,trig
Rand. Function,3,265,73,line
Rand. Function,3,266,74,quad
Rand. Function,3,267,75,trig
Rand. Function,3,268,76,quad
Rand. Function,3,269,77,line
Rand. Function,3,270,78,trig
Rand. Function,3,271,79,line
Rand. Function,3,272,80,quad
Rand. Function,3,273,81,trig
Rand. Function,3,274,82,quad
Rand. Function,3,275,83,line
Rand. Function,3,276,84,trig
Rand. Function,3,277,85,line
Rand. Function,3,278,86,quad
Rand. Function,3,279,87,trig
Rand. Function,3,280,88,quad
Rand. Function,3,281,89,line
Rand. Function,3,282,90,trig
Rand. Function,3,283,91,line
Rand. Function,3,284,92,quad
Rand. Function,3,285,93,trig
Rand. Function,3,286,94,quad
Rand. Function,3,287,95,line
Rand. Function,3,288,96,trig
Rand. Function,4,289,1,trig
Rand. Function,4,290,2,line
Rand. Function,4,291,3,quad
Rand. Function,4,292,4,line
Rand. Function,4,293,5,trig
Rand. Function,4,294,6,quad
Rand. Function,4,295,7,trig
Rand. Function,4,296,8,line
Rand. Function,4,297,9,quad
Rand. Function,4,298,10,line
Rand. Function,4,299,11,trig
Rand. Function,4,300,12,quad
Rand. Function,4,301,13,trig
Rand. Function,4,302,14,line
Rand. Function,4,303,15,quad
Rand. Function,4,304,16,line
Rand. Function,4,305,17,trig
Rand. Function,4,306,18,quad
Rand. Function,4,307,19,trig
Rand. Function,4,308,20,line
Rand. Function,4,309,21,quad
Rand. Function,4,310,22,line
Rand. Function,4,311,23,trig
Rand. Function,4,312,24,quad
Rand. Function,4,313,25,trig
Rand. Function,4,314,26,line
Rand. Function,4,315,27,quad
Rand. Function,4,316,28,line
Rand. Function,4,317,29,trig
Rand. Function,4,318,30,quad
Rand. Function,4,319,31,trig
Rand. Function,4,320,32,line
Rand. Function,4,321,33,quad
Rand. Function,4,322,34,line
Rand. Function,4,323,35,trig
Rand. Function,4,324,36,quad
Rand. Function,4,325,37,trig
Rand. Function,4,326,38,line
Rand. Function,4,327,39,quad
Rand. Function,4,328,40,line
Rand. Function,4,329,41,trig
Rand. Function,4,330,42,quad
Rand. Function,4,331,43,trig
Rand. Function,4,332,44,line
Rand. Function,4,333,45,quad
Rand. Function,4,334,46,line
Rand. Function,4,335,47,trig
Rand. Function,4,336,48,quad
Rand. Function,4,337,49,trig
Rand. Function,4,338,50,line
Rand. Function,4,339,51,quad
Rand. Function,4,340,52,line
Rand. Function,4,341,53,trig
Rand. Function,4,342,54,quad
Rand. Function,4,343,55,trig
Rand. Function,4,344,56,line
Rand. Function,4,345,57,quad
Rand. Function,4,346,58,line
Rand. Function,4,347,59,trig
Rand. Function,4,348,60,quad
Rand. Function,4,349,61,trig
Rand. Function,4,350,62,line
Rand. Function,4,351,63,quad
Rand. Function,4,352,64,line
Rand. Function,4,353,65,trig
Rand. Function,4,354,66,quad
Rand. Function,4,355,67,trig
Rand. Function,4,356,68,line
Rand. Function,4,357,69,quad
Rand. Function,4,358,70,line
Rand. Function,4,359,71,trig
Rand. Function,4,360,72,quad
Rand. Function,4,361,73,trig
Rand. Function,4,362,74,line
Rand. Function,4,363,75,quad
Rand. Function,4,364,76,line
Rand. Function,4,365,77,trig
Rand. Function,4,366,78,quad
Rand. Function,4,367,79,trig
Rand. Function,4,368,80,line
Rand. Function,4,369,81,quad
Rand. Function,4,370,82,line
Rand. Function,4,371,83,trig
Rand. Function,4,372,84,quad
Rand. Function,4,373,85,trig
Rand. Function,4,374,86,line
Rand. Function,4,375,87,quad
Rand. Function,4,376,88,line
Rand. Function,4,377,89,trig
Rand. Function,4,378,90,quad
Rand. Function,4,379,91,trig
Rand. Function,4,380,92,line
Rand. Function,4,381,93,quad
Rand. Function,4,382,94,line
Rand. Function,4,383,95,trig
Rand. Function,4,384,96,quad
Rand. Function,5,385,1,quad
Rand. Function,5,386,2,trig
Rand. Function,5,387,3,line
Rand. Function,5,388,4,trig
Rand. Function,5,389,5,quad
Rand. Function,5,390,6,line
Rand. Function,5,391,7,quad
Rand. Function,5,392,8,trig
Rand. Function,5,393,9,line
Rand. Function,5,394,10,trig
Rand. Function,5,395,11,quad
Rand. Function,5,396,12,line
Rand. Function,5,397,13,quad
Rand. Function,5,398,14,trig
Rand. Function,5,399,15,line
Rand. Function,5,400,16,trig
Rand. Function,5,401,17,quad
Rand. Function,5,402,18,line
Rand. Function,5,403,19,quad
Rand. Function,5,404,20,trig
Rand. Function,5,405,21,line
Rand. Function,5,406,22,trig
Rand. Function,5,407,23,quad
Rand. Function,5,408,24,line
Rand. Function,5,409,25,quad
Rand. Function,5,410,26,trig
Rand. Function,5,411,27,line
Rand. Function,5,412,28,trig
Rand. Function,5,413,29,quad
Rand. Function,5,414,30,line
Rand. Function,5,415,31,quad
Rand. Function,5,416,32,trig
Rand. Function,5,417,33,line
Rand. Function,5,418,34,trig
Rand. Function,5,419,35,quad
Rand. Function,5,420,36,line
Rand. Function,5,421,37,quad
Rand. Function,5,422,38,trig
Rand. Function,5,423,39,line
Rand. Function,5,424,40,trig
Rand. Function,5,425,41,quad
Rand. Function,5,426,42,line
Rand. Function,5,427,43,quad
Rand. Function,5,428,44,trig
Rand. Function,5,429,45,line
Rand. Function,5,430,46,trig
Rand. Function,5,431,47,quad
Rand. Function,5,432,48,line
Rand. Function,5,433,49,quad
Rand. Function,5,434,50,trig
Rand. Function,5,435,51,line
Rand. Function,5,436,52,trig
Rand. Function,5,437,53,quad
Rand. Function,5,438,54,line
Rand. Function,5,439,55,quad
Rand. Function,5,440,56,trig
Rand. Function,5,441,57,line
Rand. Function,5,442,58,trig
Rand. Function,5,443,59,quad
Rand. Function,5,444,60,line
Rand. Function,5,445,61,quad
Rand. Function,5,446,62,trig
Rand. Function,5,447,63,line
Rand. Function,5,448,64,trig
Rand. Function,5,449,65,quad
Rand. Function,5,450,66,line
Rand. Function,5,451,67,quad
Rand. Function,5,452,68,trig
Rand. Function,5,453,69,line
Rand. Function,5,454,70,trig
Rand. Function,5,455,71,quad
Rand. Function,5,456,72,line
Rand. Function,5,457,73,quad
Rand. Function,5,458,74,trig
Rand. Function,5,459,75,line
Rand. Function,5,460,76,trig
Rand. Function,5,461,77,quad
Rand. Function,5,462,78,line
Rand. Function,5,463,79,quad
Rand. Function,5,464,80,trig
Rand. Function,5,465,81,line
Rand. Function,5,466,82,trig
Rand. Function,5,467,83,quad
Rand. Function,5,468,84,line
Rand. Function,5,469,85,quad
Rand. Function,5,470,86,trig
Rand. Function,5,471,87,line
Rand. Function,5,472,88,trig
Rand. Function,5,473,89,quad
Rand. Function,5,474,90,line
Rand. Function,5,475,91,quad
Rand. Function,5,476,92,trig
Rand. Function,5,477,93,line
Rand. Function,5,478,94,trig
Rand. Function,5,479,95,quad
Rand. Function,5,480,96,line
Rand. Function,6,481,1,line
Rand. Function,6,482,2,quad
Rand. Function,6,483,3,trig
Rand. Function,6,484,4,quad
Rand. Function,6,485,5,line
Rand. Function,6,486,6,trig
Rand. Function,6,487,7,line
Rand. Function,6,488,8,quad
Rand. Function,6,489,9,trig
Rand. Function,6,490,10,quad
Rand. Function,6,491,11,line
Rand. Function,6,492,12,trig
Rand. Function,6,493,13,line
Rand. Function,6,494,14,quad
Rand. Function,6,495,15,trig
Rand. Function,6,496,16,quad
Rand. Function,6,497,17,line
Rand. Function,6,498,18,trig
Rand. Function,6,499,19,line
Rand. Function,6,500,20,quad
Rand. Function,6,501,21,trig
Rand. Function,6,502,22,quad
Rand. Function,6,503,23,line
Rand. Function,6,504,24,trig
Rand. Function,6,505,25,line
Rand. Function,6,506,26,quad
Rand. Function,6,507,27,trig
Rand. Function,6,508,28,quad
Rand. Function,6,509,29,line
Rand. Function,6,510,30,trig
Rand. Function,6,511,31,line
Rand. Function,6,512,32,quad
Rand. Function,6,513,33,trig
Rand. Function,6,514,34,quad
Rand. Function,6,515,35,line
Rand. Function,6,516,36,trig
Rand. Function,6,517,37,line
Rand. Function,6,518,38,quad
Rand. Function,6,519,39,trig
Rand. Function,6,520,40,quad
Rand. Function,6,521,41,line
Rand. Function,6,522,42,trig
Rand. Function,6,523,43,line
Rand. Function,6,524,44,quad
Rand. Function,6,525,45,trig
Rand. Function,6,526,46,quad
Rand. Function,6,527,47,line
Rand. Function,6,528,48,trig
Rand. Function,6,529,49,line
Rand. Function,6,530,50,quad
Rand. Function,6,531,51,trig
Rand. Function,6,532,52,quad
Rand. Function,6,533,53,line
Rand. Function,6,534,54,trig
Rand. Function,6,535,55,line
Rand. Function,6,536,56,quad
Rand. Function,6,537,57,trig
Rand. Function,6,538,58,quad
Rand. Function,6,539,59,line
Rand. Function,6,540,60,trig
Rand. Function,6,541,61,line
Rand. Function,6,542,62,quad
Rand. Function,6,543,63,trig
Rand. Function,6,544,64,quad
Rand. Function,6,545,65,line
Rand. Function,6,546,66,trig
Rand. Function,6,547,67,line
Rand. Function,6,548,68,quad
Rand. Function,6,549,69,trig
Rand. Function,6,550,70,quad
Rand. Function,6,551,71,line
Rand. Function,6,552,72,trig
Rand. Function,6,553,73,line
Rand. Function,6,554,74,quad
Rand. Function,6,555,75,trig
Rand. Function,6,556,76,quad
Rand. Function,6,557,77,line
Rand. Function,6,558,78,trig
Rand. Function,6,559,79,line
Rand. Function,6,560,80,quad
Rand. Function,6,561,81,trig
Rand. Function,6,562,82,quad
Rand. Function,6,563,83,line
Rand. Function,6,564,84,trig
Rand. Function,6,565,85,line
Rand. Function,6,566,86,quad
Rand. Function,6,567,87,trig
Rand. Function,6,568,88,quad
Rand. Function,6,569,89,line
Rand. Function,6,570,90,trig
Rand. Function,6,571,91,line
Rand. Function,6,572,92,quad
Rand. Function,6,573,93,trig
Rand. Function,6,574,94,quad
Rand. Function,6,575,95,line
Rand. Function,6,576,96,trig
Rand. Function,7,577,1,trig
Rand. Function,7,578,2,line
Rand. Function,7,579,3,quad
Rand. Function,7,580,4,line
Rand. Function,7,581,5,trig
Rand. Function,7,582,6,quad
Rand. Function,7,583,7,trig
Rand. Function,7,584,8,line
Rand. Function,7,585,9,quad
Rand. Function,7,586,10,line
Rand. Function,7,587,11,trig
Rand. Function,7,588,12,quad
Rand. Function,7,589,13,trig
Rand. Function,7,590,14,line
Rand. Function,7,591,15,quad
Rand. Function,7,592,16,line
Rand. Function,7,593,17,trig
Rand. Function,7,594,18,quad
Rand. Function,7,595,19,trig
Rand. Function,7,596,20,line
Rand. Function,7,597,21,quad
Rand. Function,7,598,22,line
Rand. Function,7,599,23,trig
Rand. Function,7,600,24,quad
Rand. Function,7,601,25,trig
Rand. Function,7,602,26,line
Rand. Function,7,603,27,quad
Rand. Function,7,604,28,line
Rand. Function,7,605,29,trig
Rand. Function,7,606,30,quad
Rand. Function,7,607,31,trig
Rand. Function,7,608,32,line
Rand. Function,7,609,33,quad
Rand. Function,7,610,34,line
Rand. Function,7,611,35,trig
Rand. Function,7,612,36,quad
Rand. Function,7,613,37,trig
Rand. Function,7,614,38,line
Rand. Function,7,615,39,quad
Rand. Function,7,616,40,line
Rand. Function,7,617,41,trig
Rand. Function,7,618,42,quad
Rand. Function,7,619,43,trig
Rand. Function,7,620,44,line
Rand. Function,7,621,45,quad
Rand. Function,7,622,46,line
Rand. Function,7,623,47,trig
Rand. Function,7,624,48,quad
Rand. Function,7,625,49,trig
Rand. Function,7,626,50,line
Rand. Function,7,627,51,quad
Rand. Function,7,628,52,line
Rand. Function,7,629,53,trig
Rand. Function,7,630,54,quad
Rand. Function,7,631,55,trig
Rand. Function,7,632,56,line
Rand. Function,7,633,57,quad
Rand. Function,7,634,58,line
Rand. Function,7,635,59,trig
Rand. Function,7,636,60,quad
Rand. Function,7,637,61,trig
Rand. Function,7,638,62,line
Rand. Function,7,639,63,quad
Rand. Function,7,640,64,line
Rand. Function,7,641,65,trig
Rand. Function,7,642,66,quad
Rand. Function,7,643,67,trig
Rand. Function,7,644,68,line
Rand. Function,7,645,69,quad
Rand. Function,7,646,70,line
Rand. Function,7,647,71,trig
Rand. Function,7,648,72,quad
Rand. Function,7,649,73,trig
Rand. Function,7,650,74,line
Rand. Function,7,651,75,quad
Rand. Function,7,652,76,line
Rand. Function,7,653,77,trig
Rand. Function,7,654,78,quad
Rand. Function,7,655,79,trig
Rand. Function,7,656,80,line
Rand. Function,7,657,81,quad
Rand. Function,7,658,82,line
Rand. Function,7,659,83,trig
Rand. Function,7,660,84,quad
Rand. Function,7,661,85,trig
Rand. Function,7,662,86,line
Rand. Function,7,663,87,quad
Rand. Function,7,664,88,line
Rand. Function,7,665,89,trig
Rand. Function,7,666,90,quad
Rand. Function,7,667,91,trig
Rand. Function,7,668,92,line
Rand. Function,7,669,93,quad
Rand. Function,7,670,94,line
Rand. Function,7,671,95,trig
Rand. Function,7,672,96,quad
Rand. Function,8,673,1,quad
Rand. Function,8,674,2,trig
Rand. Function,8,675,3,line
Rand. Function,8,676,4,trig
Rand. Function,8,677,5,quad
Rand. Function,8,678,6,line
Rand. Function,8,679,7,quad
Rand. Function,8,680,8,trig
Rand. Function,8,681,9,line
Rand. Function,8,682,10,trig
Rand. Function,8,683,11,quad
Rand. Function,8,684,12,line
Rand. Function,8,685,13,quad
Rand. Function,8,686,14,trig
Rand. Function,8,687,15,line
Rand. Function,8,688,16,trig
Rand. Function,8,689,17,quad
Rand. Function,8,690,18,line
Rand. Function,8,691,19,quad
Rand. Function,8,692,20,trig
Rand. Function,8,693,21,line
Rand. Function,8,694,22,trig
Rand. Function,8,695,23,quad
Rand. Function,8,696,24,line
Rand. Function,8,697,25,quad
Rand. Function,8,698,26,trig
Rand. Function,8,699,27,line
Rand. Function,8,700,28,trig
Rand. Function,8,701,29,quad
Rand. Function,8,702,30,line
Rand. Function,8,703,31,quad
Rand. Function,8,704,32,trig
Rand. Function,8,705,33,line
Rand. Function,8,706,34,trig
Rand. Function,8,707,35,quad
Rand. Function,8,708,36,line
Rand. Function,8,709,37,quad
Rand. Function,8,710,38,trig
Rand. Function,8,711,39,line
Rand. Function,8,712,40,trig
Rand. Function,8,713,41,quad
Rand. Function,8,714,42,line
Rand. Function,8,715,43,quad
Rand. Function,8,716,44,trig
Rand. Function,8,717,45,line
Rand. Function,8,718,46,trig
Rand. Function,8,719,47,quad
Rand. Function,8,720,48,line
Rand. Function,8,721,49,quad
Rand. Function,8,722,50,trig
Rand. Function,8,723,51,line
Rand. Function,8,724,52,trig
Rand. Function,8,725,53,quad
Rand. Function,8,726,54,line
Rand. Function,8,727,55,quad
Rand. Function,8,728,56,trig
Rand. Function,8,729,57,line
Rand. Function,8,730,58,trig
Rand. Function,8,731,59,quad
Rand. Function,8,732,60,line
Rand. Function,8,733,61,quad
Rand. Function,8,734,62,trig
Rand. Function,8,735,63,line
Rand. Function,8,736,64,trig
Rand. Function,8,737,65,quad
Rand. Function,8,738,66,line
Rand. Function,8,739,67,quad
Rand. Function,8,740,68,trig
Rand. Function,8,741,69,line
Rand. Function,8,742,70,trig
Rand. Function,8,743,71,quad
Rand. Function,8,744,72,line
Rand. Function,8,745,73,quad
Rand. Function,8,746,74,trig
Rand. Function,8,747,75,line
Rand. Function,8,748,76,trig
Rand. Function,8,749,77,quad
Rand. Function,8,750,78,line
Rand. Function,8,751,79,quad
Rand. Function,8,752,80,trig
Rand. Function,8,753,81,line
Rand. Function,8,754,82,trig
Rand. Function,8,755,83,quad
Rand. Function,8,756,84,line
Rand. Function,8,757,85,quad
Rand. Function,8,758,86,trig
Rand. Function,8,759,87,line
Rand. Function,8,760,88,trig
Rand. Function,8,761,89,quad
Rand. Function,8,762,90,line
Rand. Function,8,763,91,quad
Rand. Function,8,764,92,trig
Rand. Function,8,765,93,line
Rand. Function,8,766,94,trig
Rand. Function,8,767,95,quad
Rand. Function,8,768,96,line
Rand. Function,9,769,1,line
Rand. Function,9,770,2,quad
Rand. Function,9,771,3,trig
Rand. Function,9,772,4,quad
Rand. Function,9,773,5,line
Rand. Function,9,774,6,trig
Rand. Function,9,775,7,line
Rand. Function,9,776,8,quad
Rand. Function,9,777,9,trig
Rand. Function,9,778,10,quad
Rand. Function,9,779,11,line
Rand. Function,9,780,12,trig
Rand. Function,9,781,13,line
Rand. Function,9,782,14,quad
Rand. Function,9,783,15,trig
Rand. Function,9,784,16,quad
Rand. Function,9,785,17,line
Rand. Function,9,786,18,trig
Rand. Function,9,787,19,line
Rand. Function,9,788,20,quad
Rand. Function,9,789,21,trig
Rand. Function,9,790,22,quad
Rand. Function,9,791,23,line
Rand. Function,9,792,24,trig
Rand. Function,9,793,25,line
Rand. Function,9,794,26,quad
Rand. Function,9,795,27,trig
Rand. Function,9,796,28,quad
Rand. Function,9,797,29,line
Rand. Function,9,798,30,trig
Rand. Function,9,799,31,line
Rand. Function,9,800,32,quad
Rand. Function,9,801,33,trig
Rand. Function,9,802,34,quad
Rand. Function,9,803,35,line
Rand. Function,9,804,36,trig
Rand. Function,9,805,37,line
Rand. Function,9,806,38,quad
Rand. Function,9,807,39,trig
Rand. Function,9,808,40,quad
Rand. Function,9,809,41,line
Rand. Function,9,810,42,trig
Rand. Function,9,811,43,line
Rand. Function,9,812,44,quad
Rand. Function,9,813,45,trig
Rand. Function,9,814,46,quad
Rand. Function,9,815,47,line
Rand. Function,9,816,48,trig
Rand. Function,9,817,49,line
Rand. Function,9,818,50,quad
Rand. Function,9,819,51,trig
Rand. Function,9,820,52,quad
Rand. Function,9,821,53,line
Rand. Function,9,822,54,trig
Rand. Function,9,823,55,line
Rand. Function,9,824,56,quad
Rand. Function,9,825,57,trig
Rand. Function,9,826,58,quad
Rand. Function,9,827,59,line
Rand. Function,9,828,60,trig
Rand. Function,9,829,61,line
Rand. Function,9,830,62,quad
Rand. Function,9,831,63,trig
Rand. Function,9,832,64,quad
Rand. Function,9,833,65,line
Rand. Function,9,834,66,trig
Rand. Function,9,835,67,line
Rand. Function,9,836,68,quad
Rand. Function,9,837,69,trig
Rand. Function,9,838,70,quad
Rand. Function,9,839,71,line
Rand. Function,9,840,72,trig
Rand. Function,9,841,73,line
Rand. Function,9,842,74,quad
Rand. Function,9,843,75,trig
Rand. Function,9,844,76,quad
Rand. Function,9,845,77,line
Rand. Function,9,846,78,trig
Rand. Function,9,847,79,line
Rand. Function,9,848,80,quad
Rand. Function,9,849,81,trig
Rand. Function,9,850,82,quad
Rand. Function,9,851,83,line
Rand. Function,9,852,84,trig
Rand. Function,9,853,85,line
Rand. Function,9,854,86,quad
Rand. Function,9,855,87,trig
Rand. Function,9,856,88,quad
Rand. Function,9,857,89,line
Rand. Function,9,858,90,trig
Rand. Function,9,859,91,line
Rand. Function,9,860,92,quad
Rand. Function,9,861,93,trig
Rand. Function,9,862,94,quad
Rand. Function,9,863,95,line
Rand. Function,9,864,96,trig
Rand. Function,10,865,1,trig
Rand. Function,10,866,2,line
Rand. Function,10,867,3,quad
Rand. Function,10,868,4,line
Rand. Function,10,869,5,trig
Rand. Function,10,870,6,quad
Rand. Function,10,871,7,trig
Rand. Function,10,872,8,line
Rand. Function,10,873,9,quad
Rand. Function,10,874,10,line
Rand. Function,10,875,11,trig
Rand. Function,10,876,12,quad
Rand. Function,10,877,13,trig
Rand. Function,10,878,14,line
Rand. Function,10,879,15,quad
Rand. Function,10,880,16,line
Rand. Function,10,881,17,trig
Rand. Function,10,882,18,quad
Rand. Function,10,883,19,trig
Rand. Function,10,884,20,line
Rand. Function,10,885,21,quad
Rand. Function,10,886,22,line
Rand. Function,10,887,23,trig
Rand. Function,10,888,24,quad
Rand. Function,10,889,25,trig
Rand. Function,10,890,26,line
Rand. Function,10,891,27,quad
Rand. Function,10,892,28,line
Rand. Function,10,893,29,trig
Rand. Function,10,894,30,quad
Rand. Function,10,895,31,trig
Rand. Function,10,896,32,line
Rand. Function,10,897,33,quad
Rand. Function,10,898,34,line
Rand. Function,10,899,35,trig
Rand. Function,10,900,36,quad
Rand. Function,10,901,37,trig
Rand. Function,10,902,38,line
Rand. Function,10,903,39,quad
Rand. Function,10,904,40,line
Rand. Function,10,905,41,trig
Rand. Function,10,906,42,quad
Rand. Function,10,907,43,trig
Rand. Function,10,908,44,line
Rand. Function,10,909,45,quad
Rand. Function,10,910,46,line
Rand. Function,10,911,47,trig
Rand. Function,10,912,48,quad
Rand. Function,10,913,49,trig
Rand. Function,10,914,50,line
Rand. Function,10,915,51,quad
Rand. Function,10,916,52,line
Rand. Function,10,917,53,trig
Rand. Function,10,918,54,quad
Rand. Function,10,919,55,trig
Rand. Function,10,920,56,line
Rand. Function,10,921,57,quad
Rand. Function,10,922,58,line
Rand. Function,10,923,59,trig
Rand. Function,10,924,60,quad
Rand. Function,10,925,61,trig
Rand. Function,10,926,62,line
Rand. Function,10,927,63,quad
Rand. Function,10,928,64,line
Rand. Function,10,929,65,trig
Rand. Function,10,930,66,quad
Rand. Function,10,931,67,trig
Rand. Function,10,932,68,line
Rand. Function,10,933,69,quad
Rand. Function,10,934,70,line
Rand. Function,10,935,71,trig
Rand. Function,10,936,72,quad
Rand. Function,10,937,73,trig
Rand. Function,10,938,74,line
Rand. Function,10,939,75,quad
Rand. Function,10,940,76,line
Rand. Function,10,941,77,trig
Rand. Function,10,942,78,quad
Rand. Function,10,943,79,trig
Rand. Function,10,944,80,line
Rand. Function,10,945,81,quad
Rand. Function,10,946,82,line
Rand. Function,10,947,83,trig
Rand. Function,10,948,84,quad
Rand. Function,10,949,85,trig
Rand. Function,10,950,86,line
Rand. Function,10,951,87,quad
Rand. Function,10,952,88,line
Rand. Function,10,953,89,trig
Rand. Function,10,954,90,quad
Rand. Function,10,955,91,trig
Rand. Function,10,956,92,line
Rand. Function,10,957,93,quad
Rand. Function,10,958,94,line
Rand. Function,10,959,95,trig
Rand. Function,10,960,96,quad
Rand. Function,11,961,1,quad
Rand. Function,11,962,2,trig
Rand. Function,11,963,3,line
Rand. Function,11,964,4,trig
Rand. Function,11,965,5,quad
Rand. Function,11,966,6,line
Rand. Function,11,967,7,quad
Rand. Function,11,968,8,trig
Rand. Function,11,969,9,line
Rand. Function,11,970,10,trig
Rand. Function,11,971,11,quad
Rand. Function,11,972,12,line
Rand. Function,11,973,13,quad
Rand. Function,11,974,14,trig
Rand. Function,11,975,15,line
Rand. Function,11,976,16,trig
Rand. Function,11,977,17,quad
Rand. Function,11,978,18,line
Rand. Function,11,979,19,quad
Rand. Function,11,980,20,trig
Rand. Function,11,981,21,line
Rand. Function,11,982,22,trig
Rand. Function,11,983,23,quad
Rand. Function,11,984,24,line
Rand. Function,11,985,25,quad
Rand. Function,11,986,26,trig
Rand. Function,11,987,27,line
Rand. Function,11,988,28,trig
Rand. Function,11,989,29,quad
Rand. Function,11,990,30,line
Rand. Function,11,991,31,quad
Rand. Function,11,992,32,trig
Rand. Function,11,993,33,line
Rand. Function,11,994,34,trig
Rand. Function,11,995,35,quad
Rand. Function,11,996,36,line
Rand. Function,11,997,37,quad
Rand. Function,11,998,38,trig
Rand. Function,11,999,39,line
Rand. Function,11,1000,40,trig
Rand. Function,11,1001,41,quad
Rand. Function,11,1002,42,line
Rand. Function,11,1003,43,quad
Rand. Function,11,1004,44,trig
Rand. Function,11,1005,45,line
Rand. Function,11,1006,46,trig
Rand. Function,11,1007,47,quad
Rand. Function,11,1008,48,line
Rand. Function,11,1009,49,quad
Rand. Function,11,1010,50,trig
Rand. Function,11,1011,51,line
Rand. Function,11,1012,52,trig
Rand. Function,11,1013,53,quad
Rand. Function,11,1014,54,line
Rand. Function,11,1015,55,quad
Rand. Function,11,1016,56,trig
Rand. Function,11,1017,57,line
Rand. Function,11,1018,58,trig
Rand. Function,11,1019,59,quad
Rand. Function,11,1020,60,line
Rand. Function,11,1021,61,quad
Rand. Function,11,1022,62,trig
Rand. Function,11,1023,63,line
Rand. Function,11,1024,64,trig
Rand. Function,11,1025,65,quad
Rand. Function,11,1026,66,line
Rand. Function,11,1027,67,quad
Rand. Function,11,1028,68,trig
Rand. Function,11,1029,69,line
Rand. Function,11,1030,70,trig
Rand. Function,11,1031,71,quad
Rand. Function,11,1032,72,line
Rand. Function,11,1033,73,quad
Rand. Function,11,1034,74,trig
Rand. Function,11,1035,75,line
Rand. Function,11,1036,76,trig
Rand. Function,11,1037,77,quad
Rand. Function,11,1038,78,line
Rand. Function,11,1039,79,quad
Rand. Function,11,1040,80,trig
Rand. Function,11,1041,81,line
Rand. Function,11,1042,82,trig
Rand. Function,11,1043,83,quad
Rand. Function,11,1044,84,line
Rand. Function,11,1045,85,quad
Rand. Function,11,1046,86,trig
Rand. Function,11,1047,87,line
Rand. Function,11,1048,88,trig
Rand. Function,11,1049,89,quad
Rand. Function,11,1050,90,line
Rand. Function,11,1051,91,quad
Rand. Function,11,1052,92,trig
Rand. Function,11,1053,93,line
Rand. Function,11,1054,94,trig
Rand. Function,11,1055,95,quad
Rand. Function,11,1056,96,line
Rand. Function,12,1057,1,line
Rand. Function,12,1058,2,quad
Rand. Function,12,1059,3,trig
Rand. Function,12,1060,4,quad
Rand. Function,12,1061,5,line
Rand. Function,12,1062,6,trig
Rand. Function,12,1063,7,line
Rand. Function,12,1064,8,quad
Rand. Function,12,1065,9,trig
Rand. Function,12,1066,10,quad
Rand. Function,12,1067,11,line
Rand. Function,12,1068,12,trig
Rand. Function,12,1069,13,line
Rand. Function,12,1070,14,quad
Rand. Function,12,1071,15,trig
Rand. Function,12,1072,16,quad
Rand. Function,12,1073,17,line
Rand. Function,12,1074,18,trig
Rand. Function,12,1075,19,line
Rand. Function,12,1076,20,quad
Rand. Function,12,1077,21,trig
Rand. Function,12,1078,22,quad
Rand. Function,12,1079,23,line
Rand. Function,12,1080,24,trig
Rand. Function,12,1081,25,line
Rand. Function,12,1082,26,quad
Rand. Function,12,1083,27,trig
Rand. Function,12,1084,28,quad
Rand. Function,12,1085,29,line
Rand. Function,12,1086,30,trig
Rand. Function,12,1087,31,line
Rand. Function,12,1088,32,quad
Rand. Function,12,1089,33,trig
Rand. Function,12,1090,34,quad
Rand. Function,12,1091,35,line
Rand. Function,12,1092,36,trig
Rand. Function,12,1093,37,line
Rand. Function,12,1094,38,quad
Rand. Function,12,1095,39,trig
Rand. Function,12,1096,40,quad
Rand. Function,12,1097,41,line
Rand. Function,12,1098,42,trig
Rand. Function,12,1099,43,line
Rand. Function,12,1100,44,quad
Rand. Function,12,1101,45,trig
Rand. Function,12,1102,46,quad
Rand. Function,12,1103,47,line
Rand. Function,12,1104,48,trig
Rand. Function,12,1105,49,line
Rand. Function,12,1106,50,quad
Rand. Function,12,1107,51,trig
Rand. Function,12,1108,52,quad
Rand. Function,12,1109,53,line
Rand. Function,12,1110,54,trig
Rand. Function,12,1111,55,line
Rand. Function,12,1112,56,quad
Rand. Function,12,1113,57,trig
Rand. Function,12,1114,58,quad
Rand. Function,12,1115,59,line
Rand. Function,12,1116,60,trig
Rand. Function,12,1117,61,line
Rand. Function,12,1118,62,quad
Rand. Function,12,1119,63,trig
Rand. Function,12,1120,64,quad
Rand. Function,12,1121,65,line
Rand. Function,12,1122,66,trig
Rand. Function,12,1123,67,line
Rand. Function,12,1124,68,quad
Rand. Function,12,1125,69,trig
Rand. Function,12,1126,70,quad
Rand. Function,12,1127,71,line
Rand. Function,12,1128,72,trig
Rand. Function,12,1129,73,line
Rand. Function,12,1130,74,quad
Rand. Function,12,1131,75,trig
Rand. Function,12,1132,76,quad
Rand. Function,12,1133,77,line
Rand. Function,12,1134,78,trig
Rand. Function,12,1135,79,line
Rand. Function,12,1136,80,quad
Rand. Function,12,1137,81,trig
Rand. Function,12,1138,82,quad
Rand. Function,12,1139,83,line
Rand. Function,12,1140,84,trig
Rand. Function,12,1141,85,line
Rand. Function,12,1142,86,quad
Rand. Function,12,1143,87,trig
Rand. Function,12,1144,88,quad
Rand. Function,12,1145,89,line
Rand. Function,12,1146,90,trig
Rand. Function,12,1147,91,line
Rand. Function,12,1148,92,quad
Rand. Function,12,1149,93,trig
Rand. Function,12,1150,94,quad
Rand. Function,12,1151,95,line
Rand. Function,12,1152,96,trig
Rand. Function,13,1153,1,trig
Rand. Function,13,1154,2,line
Rand. Function,13,1155,3,quad
Rand. Function,13,1156,4,line
Rand. Function,13,1157,5,trig
Rand. Function,13,1158,6,quad
Rand. Function,13,1159,7,trig
Rand. Function,13,1160,8,line
Rand. Function,13,1161,9,quad
Rand. Function,13,1162,10,line
Rand. Function,13,1163,11,trig
Rand. Function,13,1164,12,quad
Rand. Function,13,1165,13,trig
Rand. Function,13,1166,14,line
Rand. Function,13,1167,15,quad
Rand. Function,13,1168,16,line
Rand. Function,13,1169,17,trig
Rand. Function,13,1170,18,quad
Rand. Function,13,1171,19,trig
Rand. Function,13,1172,20,line
Rand. Function,13,1173,21,quad
Rand. Function,13,1174,22,line
Rand. Function,13,1175,23,trig
Rand. Function,13,1176,24,quad
Rand. Function,13,1177,25,trig
Rand. Function,13,1178,26,line
Rand. Function,13,1179,27,quad
Rand. Function,13,1180,28,line
Rand. Function,13,1181,29,trig
Rand. Function,13,1182,30,quad
Rand. Function,13,1183,31,trig
Rand. Function,13,1184,32,line
Rand. Function,13,1185,33,quad
Rand. Function,13,1186,34,line
Rand. Function,13,1187,35,trig
Rand. Function,13,1188,36,quad
Rand. Function,13,1189,37,trig
Rand. Function,13,1190,38,line
Rand. Function,13,1191,39,quad
Rand. Function,13,1192,40,line
Rand. Function,13,1193,41,trig
Rand. Function,13,1194,42,quad
Rand. Function,13,1195,43,trig
Rand. Function,13,1196,44,line
Rand. Function,13,1197,45,quad
Rand. Function,13,1198,46,line
Rand. Function,13,1199,47,trig
Rand. Function,13,1200,48,quad
Rand. Function,13,1201,49,trig
Rand. Function,13,1202,50,line
Rand. Function,13,1203,51,quad
Rand. Function,13,1204,52,line
Rand. Function,13,1205,53,trig
Rand. Function,13,1206,54,quad
Rand. Function,13,1207,55,trig
Rand. Function,13,1208,56,line
Rand. Function,13,1209,57,quad
Rand. Function,13,1210,58,line
Rand. Function,13,1211,59,trig
Rand. Function,13,1212,60,quad
Rand. Function,13,1213,61,trig
Rand. Function,13,1214,62,line
Rand. Function,13,1215,63,quad
Rand. Function,13,1216,64,line
Rand. Function,13,1217,65,trig
Rand. Function,13,1218,66,quad
Rand. Function,13,1219,67,trig
Rand. Function,13,1220,68,line
Rand. Function,13,1221,69,quad
Rand. Function,13,1222,70,line
Rand. Function,13,1223,71,trig
Rand. Function,13,1224,72,quad
Rand. Function,13,1225,73,trig
Rand. Function,13,1226,74,line
Rand. Function,13,1227,75,quad
Rand. Function,13,1228,76,line
Rand. Function,13,1229,77,trig
Rand. Function,13,1230,78,quad
Rand. Function,13,1231,79,trig
Rand. Function,13,1232,80,line
Rand. Function,13,1233,81,quad
Rand. Function,13,1234,82,line
Rand. Function,13,1235,83,trig
Rand. Function,13,1236,84,quad
Rand. Function,13,1237,85,trig
Rand. Function,13,1238,86,line
Rand. Function,13,1239,87,quad
Rand. Function,13,1240,88,line
Rand. Function,13,1241,89,trig
Rand. Function,13,1242,90,quad
Rand. Function,13,1243,91,trig
Rand. Function,13,1244,92,line
Rand. Function,13,1245,93,quad
Rand. Function,13,1246,94,line
Rand. Function,13,1247,95,trig
Rand. Function,13,1248,96,quad
Rand. Function,14,1249,1,quad
Rand. Function,14,1250,2,trig
Rand. Function,14,1251,3,line
Rand. Function,14,1252,4,trig
Rand. Function,14,1253,5,quad
Rand. Function,14,1254,6,line
Rand. Function,14,1255,7,quad
Rand. Function,14,1256,8,trig
Rand. Function,14,1257,9,line
Rand. Function,14,1258,10,trig
Rand. Function,14,1259,11,quad
Rand. Function,14,1260,12,line
Rand. Function,14,1261,13,quad
Rand. Function,14,1262,14,trig
Rand. Function,14,1263,15,line
Rand. Function,14,1264,16,trig
Rand. Function,14,1265,17,quad
Rand. Function,14,1266,18,line
Rand. Function,14,1267,19,quad
Rand. Function,14,1268,20,trig
Rand. Function,14,1269,21,line
Rand. Function,14,1270,22,trig
Rand. Function,14,1271,23,quad
Rand. Function,14,1272,24,line
Rand. Function,14,1273,25,quad
Rand. Function,14,1274,26,trig
Rand. Function,14,1275,27,line
Rand. Function,14,1276,28,trig
Rand. Function,14,1277,29,quad
Rand. Function,14,1278,30,line
Rand. Function,14,1279,31,quad
Rand. Function,14,1280,32,trig
Rand. Function,14,1281,33,line
Rand. Function,14,1282,34,trig
Rand. Function,14,1283,35,quad
Rand. Function,14,1284,36,line
Rand. Function,14,1285,37,quad
Rand. Function,14,1286,38,trig
Rand. Function,14,1287,39,line
Rand. Function,14,1288,40,trig
Rand. Function,14,1289,41,quad
Rand. Function,14,1290,42,line
Rand. Function,14,1291,43,quad
Rand. Function,14,1292,44,trig
Rand. Function,14,1293,45,line
Rand. Function,14,1294,46,trig
Rand. Function,14,1295,47,quad
Rand. Function,14,1296,48,line
Rand. Function,14,1297,49,quad
Rand. Function,14,1298,50,trig
Rand. Function,14,1299,51,line
Rand. Function,14,1300,52,trig
Rand. Function,14,1301,53,quad
Rand. Function,14,1302,54,line
Rand. Function,14,1303,55,quad
Rand. Function,14,1304,56,trig
Rand. Function,14,1305,57,line
Rand. Function,14,1306,58,trig
Rand. Function,14,1307,59,quad
Rand. Function,14,1308,60,line
Rand. Function,14,1309,61,quad
Rand. Function,14,1310,62,trig
Rand. Function,14,1311,63,line
Rand. Function,14,1312,64,trig
Rand. Function,14,1313,65,quad
Rand. Function,14,1314,66,line
Rand. Function,14,1315,67,quad
Rand. Function,14,1316,68,trig
Rand. Function,14,1317,69,line
Rand. Function,14,1318,70,trig
Rand. Function,14,1319,71,quad
Rand. Function,14,1320,72,line
Rand. Function,14,1321,73,quad
Rand. Function,14,1322,74,trig
Rand. Function,14,1323,75,line
Rand. Function,14,1324,76,trig
Rand. Function,14,1325,77,quad
Rand. Function,14,1326,78,line
Rand. Function,14,1327,79,quad
Rand. Function,14,1328,80,trig
Rand. Function,14,1329,81,line
Rand. Function,14,1330,82,trig
Rand. Function,14,1331,83,quad
Rand. Function,14,1332,84,line
Rand. Function,14,1333,85,quad
Rand. Function,14,1334,86,trig
Rand. Function,14,1335,87,line
Rand. Function,14,1336,88,trig
Rand. Function,14,1337,89,quad
Rand. Function,14,1338,90,line
Rand. Function,14,1339,91,quad
Rand. Function,14,1340,92,trig
Rand. Function,14,1341,93,line
Rand. Function,14,1342,94,trig
Rand. Function,14,1343,95,quad
Rand. Function,14,1344,96,line
Rand. Function,15,1345,1,line
Rand. Function,15,1346,2,quad
Rand. Function,15,1347,3,trig
Rand. Function,15,1348,4,quad
Rand. Function,15,1349,5,line
Rand. Function,15,1350,6,trig
Rand. Function,15,1351,7,line
Rand. Function,15,1352,8,quad
Rand. Function,15,1353,9,trig
Rand. Function,15,1354,10,quad
Rand. Function,15,1355,11,line
Rand. Function,15,1356,12,trig
Rand. Function,15,1357,13,line
Rand. Function,15,1358,14,quad
Rand. Function,15,1359,15,trig
Rand. Function,15,1360,16,quad
Rand. Function,15,1361,17,line
Rand. Function,15,1362,18,trig
Rand. Function,15,1363,19,line
Rand. Function,15,1364,20,quad
Rand. Function,15,1365,21,trig
Rand. Function,15,1366,22,quad
Rand. Function,15,1367,23,line
Rand. Function,15,1368,24,trig
Rand. Function,15,1369,25,line
Rand. Function,15,1370,26,quad
Rand. Function,15,1371,27,trig
Rand. Function,15,1372,28,quad
Rand. Function,15,1373,29,line
Rand. Function,15,1374,30,trig
Rand. Function,15,1375,31,line
Rand. Function,15,1376,32,quad
Rand. Function,15,1377,33,trig
Rand. Function,15,1378,34,quad
Rand. Function,15,1379,35,line
Rand. Function,15,1380,36,trig
Rand. Function,15,1381,37,line
Rand. Function,15,1382,38,quad
Rand. Function,15,1383,39,trig
Rand. Function,15,1384,40,quad
Rand. Function,15,1385,41,line
Rand. Function,15,1386,42,trig
Rand. Function,15,1387,43,line
Rand. Function,15,1388,44,quad
Rand. Function,15,1389,45,trig
Rand. Function,15,1390,46,quad
Rand. Function,15,1391,47,line
Rand. Function,15,1392,48,trig
Rand. Function,15,1393,49,line
Rand. Function,15,1394,50,quad
Rand. Function,15,1395,51,trig
Rand. Function,15,1396,52,quad
Rand. Function,15,1397,53,line
Rand. Function,15,1398,54,trig
Rand. Function,15,1399,55,line
Rand. Function,15,1400,56,quad
Rand. Function,15,1401,57,trig
Rand. Function,15,1402,58,quad
Rand. Function,15,1403,59,line
Rand. Function,15,1404,60,trig
Rand. Function,15,1405,61,line
Rand. Function,15,1406,62,quad
Rand. Function,15,1407,63,trig
Rand. Function,15,1408,64,quad
Rand. Function,15,1409,65,line
Rand. Function,15,1410,66,trig
Rand. Function,15,1411,67,line
Rand. Function,15,1412,68,quad
Rand. Function,15,1413,69,trig
Rand. Function,15,1414,70,quad
Rand. Function,15,1415,71,line
Rand. Function,15,1416,72,trig
Rand. Function,15,1417,73,line
Rand. Function,15,1418,74,quad
Rand. Function,15,1419,75,trig
Rand. Function,15,1420,76,quad
Rand. Function,15,1421,77,line
Rand. Function,15,1422,78,trig
Rand. Function,15,1423,79,line
Rand. Function,15,1424,80,quad
Rand. Function,15,1425,81,trig
Rand. Function,15,1426,82,quad
Rand. Function,15,1427,83,line
Rand. Function,15,1428,84,trig
Rand. Function,15,1429,85,line
Rand. Function,15,1430,86,quad
Rand. Function,15,1431,87,trig
Rand. Function,15,1432,88,quad
Rand. Function,15,1433,89,line
Rand. Function,15,1434,90,trig
Rand. Function,15,1435,91,line
Rand. Function,15,1436,92,quad
Rand. Function,15,1437,93,trig
Rand. Function,15,1438,94,quad
Rand. Function,15,1439,95,line
Rand. Function,15,1440,96,trig
Rand. Function,16,1441,1,trig
Rand. Function,16,1442,2,line
Rand. Function,16,1443,3,quad
Rand. Function,16,1444,4,line
Rand. Function,16,1445,5,trig
Rand. Function,16,1446,6,quad
Rand. Function,16,1447,7,trig
Rand. Function,16,1448,8,line
Rand. Function,16,1449,9,quad
Rand. Function,16,1450,10,line
Rand. Function,16,1451,11,trig
Rand. Function,16,1452,12,quad
Rand. Function,16,1453,13,trig
Rand. Function,16,1454,14,line
Rand. Function,16,1455,15,quad
Rand. Function,16,1456,16,line
Rand. Function,16,1457,17,trig
Rand. Function,16,1458,18,quad
Rand. Function,16,1459,19,trig
Rand. Function,16,1460,20,line
Rand. Function,16,1461,21,quad
Rand. Function,16,1462,22,line
Rand. Function,16,1463,23,trig
Rand. Function,16,1464,24,quad
Rand. Function,16,1465,25,trig
Rand. Function,16,1466,26,line
Rand. Function,16,1467,27,quad
Rand. Function,16,1468,28,line
Rand. Function,16,1469,29,trig
Rand. Function,16,1470,30,quad
Rand. Function,16,1471,31,trig
Rand. Function,16,1472,32,line
Rand. Function,16,1473,33,quad
Rand. Function,16,1474,34,line
Rand. Function,16,1475,35,trig
Rand. Function,16,1476,36,quad
Rand. Function,16,1477,37,trig
Rand. Function,16,1478,38,line
Rand. Function,16,1479,39,quad
Rand. Function,16,1480,40,line
Rand. Function,16,1481,41,trig
Rand. Function,16,1482,42,quad
Rand. Function,16,1483,43,trig
Rand. Function,16,1484,44,line
Rand. Function,16,1485,45,quad
Rand. Function,16,1486,46,line
Rand. Function,16,1487,47,trig
Rand. Function,16,1488,48,quad
Rand. Function,16,1489,49,trig
Rand. Function,16,1490,50,line
Rand. Function,16,1491,51,quad
Rand. Function,16,1492,52,line
Rand. Function,16,1493,53,trig
Rand. Function,16,1494,54,quad
Rand. Function,16,1495,55,trig
Rand. Function,16,1496,56,line
Rand. Function,16,1497,57,quad
Rand. Function,16,1498,58,line
Rand. Function,16,1499,59,trig
Rand. Function,16,1500,60,quad
Rand. Function,16,1501,61,trig
Rand. Function,16,1502,62,line
Rand. Function,16,1503,63,quad
Rand. Function,16,1504,64,line
Rand. Function,16,1505,65,trig
Rand. Function,16,1506,66,quad
Rand. Function,16,1507,67,trig
Rand. Function,16,1508,68,line
Rand. Function,16,1509,69,quad
Rand. Function,16,1510,70,line
Rand. Function,16,1511,71,trig
Rand. Function,16,1512,72,quad
Rand. Function,16,1513,73,trig
Rand. Function,16,1514,74,line
Rand. Function,16,1515,75,quad
Rand. Function,16,1516,76,line
Rand. Function,16,1517,77,trig
Rand. Function,16,1518,78,quad
Rand. Function,16,1519,79,trig
Rand. Function,16,1520,80,line
Rand. Function,16,1521,81,quad
Rand. Function,16,1522,82,line
Rand. Function,16,1523,83,trig
Rand. Function,16,1524,84,quad
Rand. Function,16,1525,85,trig
Rand. Function,16,1526,86,line
Rand. Function,16,1527,87,quad
Rand. Function,16,1528,88,line
Rand. Function,16,1529,89,trig
Rand. Function,16,1530,90,quad
Rand. Function,16,1531,91,trig
Rand. Function,16,1532,92,line
Rand. Function,16,1533,93,quad
Rand. Function,16,1534,94,line
Rand. Function,16,1535,95,trig
Rand. Function,16,1536,96,quad
Rand. Function,17,1537,1,quad
Rand. Function,17,1538,2,trig
Rand. Function,17,1539,3,line
Rand. Function,17,1540,4,trig
Rand. Function,17,1541,5,quad
Rand. Function,17,1542,6,line
Rand. Function,17,1543,7,quad
Rand. Function,17,1544,8,trig
Rand. Function,17,1545,9,line
Rand. Function,17,1546,10,trig
Rand. Function,17,1547,11,quad
Rand. Function,17,1548,12,line
Rand. Function,17,1549,13,quad
Rand. Function,17,1550,14,trig
Rand. Function,17,1551,15,line
Rand. Function,17,1552,16,trig
Rand. Function,17,1553,17,quad
Rand. Function,17,1554,18,line
Rand. Function,17,1555,19,quad
Rand. Function,17,1556,20,trig
Rand. Function,17,1557,21,line
Rand. Function,17,1558,22,trig
Rand. Function,17,1559,23,quad
Rand. Function,17,1560,24,line
Rand. Function,17,1561,25,quad
Rand. Function,17,1562,26,trig
Rand. Function,17,1563,27,line
Rand. Function,17,1564,28,trig
Rand. Function,17,1565,29,quad
Rand. Function,17,1566,30,line
Rand. Function,17,1567,31,quad
Rand. Function,17,1568,32,trig
Rand. Function,17,1569,33,line
Rand. Function,17,1570,34,trig
Rand. Function,17,1571,35,quad
Rand. Function,17,1572,36,line
Rand. Function,17,1573,37,quad
Rand. Function,17,1574,38,trig
Rand. Function,17,1575,39,line
Rand. Function,17,1576,40,trig
Rand. Function,17,1577,41,quad
Rand. Function,17,1578,42,line
Rand. Function,17,1579,43,quad
Rand. Function,17,1580,44,trig
Rand. Function,17,1581,45,line
Rand. Function,17,1582,46,trig
Rand. Function,17,1583,47,quad
Rand. Function,17,1584,48,line
Rand. Function,17,1585,49,quad
Rand. Function,17,1586,50,trig
Rand. Function,17,1587,51,line
Rand. Function,17,1588,52,trig
Rand. Function,17,1589,53,quad
Rand. Function,17,1590,54,line
Rand. Function,17,1591,55,quad
Rand. Function,17,1592,56,trig
Rand. Function,17,1593,57,line
Rand. Function,17,1594,58,trig
Rand. Function,17,1595,59,quad
Rand. Function,17,1596,60,line
Rand. Function,17,1597,61,quad
Rand. Function,17,1598,62,trig
Rand. Function,17,1599,63,line
Rand. Function,17,1600,64,trig
Rand. Function,17,1601,65,quad
Rand. Function,17,1602,66,line
Rand. Function,17,1603,67,quad
Rand. Function,17,1604,68,trig
Rand. Function,17,1605,69,line
Rand. Function,17,1606,70,trig
Rand. Function,17,1607,71,quad
Rand. Function,17,1608,72,line
Rand. Function,17,1609,73,quad
Rand. Function,17,1610,74,trig
Rand. Function,17,1611,75,line
Rand. Function,17,1612,76,trig
Rand. Function,17,1613,77,quad
Rand. Function,17,1614,78,line
Rand. Function,17,1615,79,quad
Rand. Function,17,1616,80,trig
Rand. Function,17,1617,81,line
Rand. Function,17,1618,82,trig
Rand. Function,17,1619,83,quad
Rand. Function,17,1620,84,line
Rand. Function,17,1621,85,quad
Rand. Function,17,1622,86,trig
Rand. Function,17,1623,87,line
Rand. Function,17,1624,88,trig
Rand. Function,17,1625,89,quad
Rand. Function,17,1626,90,line
Rand. Function,17,1627,91,quad
Rand. Function,17,1628,92,trig
Rand. Function,17,1629,93,line
Rand. Function,17,1630,94,trig
Rand. Function,17,1631,95,quad
Rand. Function,17,1632,96,line
Rand. Function,18,1633,1,line
Rand. Function,18,1634,2,quad
Rand. Function,18,1635,3,trig
Rand. Function,18,1636,4,quad
Rand. Function,18,1637,5,line
Rand. Function,18,1638,6,trig
Rand. Function,18,1639,7,line
Rand. Function,18,1640,8,quad
Rand. Function,18,1641,9,trig
Rand. Function,18,1642,10,quad
Rand. Function,18,1643,11,line
Rand. Function,18,1644,12,trig
Rand. Function,18,1645,13,line
Rand. Function,18,1646,14,quad
Rand. Function,18,1647,15,trig
Rand. Function,18,1648,16,quad
Rand. Function,18,1649,17,line
Rand. Function,18,1650,18,trig
Rand. Function,18,1651,19,line
Rand. Function,18,1652,20,quad
Rand. Function,18,1653,21,trig
Rand. Function,18,1654,22,quad
Rand. Function,18,1655,23,line
Rand. Function,18,1656,24,trig
Rand. Function,18,1657,25,line
Rand. Function,18,1658,26,quad
Rand. Function,18,1659,27,trig
Rand. Function,18,1660,28,quad
Rand. Function,18,1661,29,line
Rand. Function,18,1662,30,trig
Rand. Function,18,1663,31,line
Rand. Function,18,1664,32,quad
Rand. Function,18,1665,33,trig
Rand. Function,18,1666,34,quad
Rand. Function,18,1667,35,line
Rand. Function,18,1668,36,trig
Rand. Function,18,1669,37,line
Rand. Function,18,1670,38,quad
Rand. Function,18,1671,39,trig
Rand. Function,18,1672,40,quad
Rand. Function,18,1673,41,line
Rand. Function,18,1674,42,trig
Rand. Function,18,1675,43,line
Rand. Function,18,1676,44,quad
Rand. Function,18,1677,45,trig
Rand. Function,18,1678,46,quad
Rand. Function,18,1679,47,line
Rand. Function,18,1680,48,trig
Rand. Function,18,1681,49,line
Rand. Function,18,1682,50,quad
Rand. Function,18,1683,51,trig
Rand. Function,18,1684,52,quad
Rand. Function,18,1685,53,line
Rand. Function,18,1686,54,trig
Rand. Function,18,1687,55,line
Rand. Function,18,1688,56,quad
Rand. Function,18,1689,57,trig
Rand. Function,18,1690,58,quad
Rand. Function,18,1691,59,line
Rand. Function,18,1692,60,trig
Rand. Function,18,1693,61,line
Rand. Function,18,1694,62,quad
Rand. Function,18,1695,63,trig
Rand. Function,18,1696,64,quad
Rand. Function,18,1697,65,line
Rand. Function,18,1698,66,trig
Rand. Function,18,1699,67,line
Rand. Function,18,1700,68,quad
Rand. Function,18,1701,69,trig
Rand. Function,18,1702,70,quad
Rand. Function,18,1703,71,line
Rand. Function,18,1704,72,trig
Rand. Function,18,1705,73,line
Rand. Function,18,1706,74,quad
Rand. Function,18,1707,75,trig
Rand. Function,18,1708,76,quad
Rand. Function,18,1709,77,line
Rand. Function,18,1710,78,trig
Rand. Function,18,1711,79,line
Rand. Function,18,1712,80,quad
Rand. Function,18,1713,81,trig
Rand. Function,18,1714,82,quad
Rand. Function,18,1715,83,line
Rand. Function,18,1716,84,trig
Rand. Function,18,1717,85,line
Rand. Function,18,1718,86,quad
Rand. Function,18,1719,87,trig
Rand. Function,18,1720,88,quad
Rand. Function,18,1721,89,line
Rand. Function,18,1722,90,trig
Rand. Function,18,1723,91,line
Rand. Function,18,1724,92,quad
Rand. Function,18,1725,93,trig
Rand. Function,18,1726,94,quad
Rand. Function,18,1727,95,line
Rand. Function,18,1728,96,trig
