DesignName,ParticipantID,TrialID,Block1,c,m,s
RegressionByEye,1,1,1,line,n_0_8,b_0_05
RegressionByEye,1,2,2,area,p_0_2,b_0_05
RegressionByEye,1,3,3,area,n_0_1,b_0_1
RegressionByEye,1,4,4,area,n_0_1,b_0_05
RegressionByEye,1,5,5,line,p_0_1,b_0_1
RegressionByEye,1,6,6,scatter,p_0_2,b_0_15
RegressionByEye,1,7,7,area,n_0_1,b_0_2
RegressionByEye,1,8,8,scatter,p_0_2,b_0_2
RegressionByEye,1,9,9,scatter,p_0_1,b_0_05
RegressionByEye,1,10,10,line,n_0_1,b_0_05
RegressionByEye,1,11,11,line,p_0_1,b_0_05
RegressionByEye,1,12,12,scatter,p_0_4,b_0_15
RegressionByEye,1,13,13,line,n_0_1,b_0_2
RegressionByEye,1,14,14,area,p_0_1,b_0_1
RegressionByEye,1,15,15,area,n_0_2,b_0_1
RegressionByEye,1,16,16,line,n_0_4,b_0_2
RegressionByEye,1,17,17,line,n_0_2,b_0_2
RegressionByEye,1,18,18,scatter,p_0_2,b_0_05
RegressionByEye,1,19,19,line,n_0_1,b_0_1
RegressionByEye,1,20,20,scatter,p_0_2,b_0_1
RegressionByEye,1,21,21,scatter,n_0_8,b_0_2
RegressionByEye,1,22,22,line,n_0_8,b_0_15
RegressionByEye,1,23,23,scatter,p_0_8,b_0_05
RegressionByEye,1,24,24,area,n_0_8,b_0_05
RegressionByEye,1,25,25,area,n_0_8,b_0_15
RegressionByEye,1,26,26,scatter,p_0_8,b_0_1
RegressionByEye,1,27,27,line,p_0_8,b_0_05
RegressionByEye,1,28,28,area,p_0_2,b_0_1
RegressionByEye,1,29,29,area,n_0_8,b_0_2
RegressionByEye,1,30,30,area,p_0_8,b_0_1
RegressionByEye,1,31,31,line,n_0_2,b_0_1
RegressionByEye,1,32,32,area,n_0_1,b_0_15
RegressionByEye,1,33,33,scatter,p_0_4,b_0_2
RegressionByEye,1,34,34,line,p_0_2,b_0_05
RegressionByEye,1,35,35,area,n_0_4,b_0_15
RegressionByEye,1,36,36,area,p_0_4,b_0_1
RegressionByEye,1,37,37,line,p_0_4,b_0_1
RegressionByEye,1,38,38,scatter,n_0_8,b_0_15
RegressionByEye,1,39,39,scatter,n_0_4,b_0_05
RegressionByEye,1,40,40,area,n_0_2,b_0_2
RegressionByEye,1,41,41,scatter,p_0_8,b_0_2
RegressionByEye,1,42,42,area,p_0_2,b_0_15
RegressionByEye,1,43,43,line,p_0_4,b_0_2
RegressionByEye,1,44,44,line,p_0_1,b_0_15
RegressionByEye,1,45,45,line,p_0_8,b_0_2
RegressionByEye,1,46,46,line,p_0_4,b_0_15
RegressionByEye,1,47,47,scatter,n_0_8,b_0_05
RegressionByEye,1,48,48,area,n_0_4,b_0_05
RegressionByEye,1,49,49,scatter,n_0_2,b_0_1
RegressionByEye,1,50,50,area,p_0_8,b_0_15
RegressionByEye,1,51,51,line,p_0_1,b_0_2
RegressionByEye,1,52,52,scatter,n_0_8,b_0_1
RegressionByEye,1,53,53,line,n_0_8,b_0_2
RegressionByEye,1,54,54,area,p_0_1,b_0_2
RegressionByEye,1,55,55,area,n_0_2,b_0_05
RegressionByEye,1,56,56,scatter,n_0_2,b_0_2
RegressionByEye,1,57,57,scatter,n_0_4,b_0_1
RegressionByEye,1,58,58,area,p_0_8,b_0_2
RegressionByEye,1,59,59,scatter,n_0_2,b_0_15
RegressionByEye,1,60,60,line,n_0_8,b_0_1
RegressionByEye,1,61,61,line,p_0_2,b_0_1
RegressionByEye,1,62,62,area,n_0_8,b_0_1
RegressionByEye,1,63,63,line,n_0_4,b_0_05
RegressionByEye,1,64,64,scatter,n_0_1,b_0_05
RegressionByEye,1,65,65,scatter,n_0_1,b_0_1
RegressionByEye,1,66,66,line,p_0_2,b_0_15
RegressionByEye,1,67,67,area,p_0_4,b_0_05
RegressionByEye,1,68,68,scatter,p_0_8,b_0_15
RegressionByEye,1,69,69,line,n_0_4,b_0_1
RegressionByEye,1,70,70,line,n_0_4,b_0_15
RegressionByEye,1,71,71,area,n_0_4,b_0_1
RegressionByEye,1,72,72,area,p_0_2,b_0_2
RegressionByEye,1,73,73,area,p_0_1,b_0_15
RegressionByEye,1,74,74,area,n_0_4,b_0_2
RegressionByEye,1,75,75,line,p_0_8,b_0_1
RegressionByEye,1,76,76,scatter,p_0_1,b_0_15
RegressionByEye,1,77,77,scatter,p_0_1,b_0_2
RegressionByEye,1,78,78,scatter,n_0_1,b_0_2
RegressionByEye,1,79,79,scatter,n_0_2,b_0_05
RegressionByEye,1,80,80,line,n_0_1,b_0_15
RegressionByEye,1,81,81,line,p_0_4,b_0_05
RegressionByEye,1,82,82,area,n_0_2,b_0_15
RegressionByEye,1,83,83,line,n_0_2,b_0_05
RegressionByEye,1,84,84,scatter,p_0_4,b_0_05
RegressionByEye,1,85,85,scatter,n_0_1,b_0_15
RegressionByEye,1,86,86,line,p_0_8,b_0_15
RegressionByEye,1,87,87,scatter,p_0_4,b_0_1
RegressionByEye,1,88,88,area,p_0_4,b_0_15
RegressionByEye,1,89,89,area,p_0_8,b_0_05
RegressionByEye,1,90,90,scatter,n_0_4,b_0_15
RegressionByEye,1,91,91,area,p_0_4,b_0_2
RegressionByEye,1,92,92,scatter,p_0_1,b_0_1
RegressionByEye,1,93,93,area,p_0_1,b_0_05
RegressionByEye,1,94,94,line,n_0_2,b_0_15
RegressionByEye,1,95,95,line,p_0_2,b_0_2
RegressionByEye,1,96,96,scatter,n_0_4,b_0_2
RegressionByEye,2,97,1,line,n_0_8,b_0_05
RegressionByEye,2,98,2,area,p_0_2,b_0_05
RegressionByEye,2,99,3,area,n_0_1,b_0_1
RegressionByEye,2,100,4,area,n_0_1,b_0_05
RegressionByEye,2,101,5,line,p_0_1,b_0_1
RegressionByEye,2,102,6,scatter,p_0_2,b_0_15
RegressionByEye,2,103,7,area,n_0_1,b_0_2
RegressionByEye,2,104,8,scatter,p_0_2,b_0_2
RegressionByEye,2,105,9,scatter,p_0_1,b_0_05
RegressionByEye,2,106,10,line,n_0_1,b_0_05
RegressionByEye,2,107,11,line,p_0_1,b_0_05
RegressionByEye,2,108,12,scatter,p_0_4,b_0_15
RegressionByEye,2,109,13,line,n_0_1,b_0_2
RegressionByEye,2,110,14,area,p_0_1,b_0_1
RegressionByEye,2,111,15,area,n_0_2,b_0_1
RegressionByEye,2,112,16,line,n_0_4,b_0_2
RegressionByEye,2,113,17,line,n_0_2,b_0_2
RegressionByEye,2,114,18,scatter,p_0_2,b_0_05
RegressionByEye,2,115,19,line,n_0_1,b_0_1
RegressionByEye,2,116,20,scatter,p_0_2,b_0_1
RegressionByEye,2,117,21,scatter,n_0_8,b_0_2
RegressionByEye,2,118,22,line,n_0_8,b_0_15
RegressionByEye,2,119,23,scatter,p_0_8,b_0_05
RegressionByEye,2,120,24,area,n_0_8,b_0_05
RegressionByEye,2,121,25,area,n_0_8,b_0_15
RegressionByEye,2,122,26,scatter,p_0_8,b_0_1
RegressionByEye,2,123,27,line,p_0_8,b_0_05
RegressionByEye,2,124,28,area,p_0_2,b_0_1
RegressionByEye,2,125,29,area,n_0_8,b_0_2
RegressionByEye,2,126,30,area,p_0_8,b_0_1
RegressionByEye,2,127,31,line,n_0_2,b_0_1
RegressionByEye,2,128,32,area,n_0_1,b_0_15
RegressionByEye,2,129,33,scatter,p_0_4,b_0_2
RegressionByEye,2,130,34,line,p_0_2,b_0_05
RegressionByEye,2,131,35,area,n_0_4,b_0_15
RegressionByEye,2,132,36,area,p_0_4,b_0_1
RegressionByEye,2,133,37,line,p_0_4,b_0_1
RegressionByEye,2,134,38,scatter,n_0_8,b_0_15
RegressionByEye,2,135,39,scatter,n_0_4,b_0_05
RegressionByEye,2,136,40,area,n_0_2,b_0_2
RegressionByEye,2,137,41,scatter,p_0_8,b_0_2
RegressionByEye,2,138,42,area,p_0_2,b_0_15
RegressionByEye,2,139,43,line,p_0_4,b_0_2
RegressionByEye,2,140,44,line,p_0_1,b_0_15
RegressionByEye,2,141,45,line,p_0_8,b_0_2
RegressionByEye,2,142,46,line,p_0_4,b_0_15
RegressionByEye,2,143,47,scatter,n_0_8,b_0_05
RegressionByEye,2,144,48,area,n_0_4,b_0_05
RegressionByEye,2,145,49,scatter,n_0_2,b_0_1
RegressionByEye,2,146,50,area,p_0_8,b_0_15
RegressionByEye,2,147,51,line,p_0_1,b_0_2
RegressionByEye,2,148,52,scatter,n_0_8,b_0_1
RegressionByEye,2,149,53,line,n_0_8,b_0_2
RegressionByEye,2,150,54,area,p_0_1,b_0_2
RegressionByEye,2,151,55,area,n_0_2,b_0_05
RegressionByEye,2,152,56,scatter,n_0_2,b_0_2
RegressionByEye,2,153,57,scatter,n_0_4,b_0_1
RegressionByEye,2,154,58,area,p_0_8,b_0_2
RegressionByEye,2,155,59,scatter,n_0_2,b_0_15
RegressionByEye,2,156,60,line,n_0_8,b_0_1
RegressionByEye,2,157,61,line,p_0_2,b_0_1
RegressionByEye,2,158,62,area,n_0_8,b_0_1
RegressionByEye,2,159,63,line,n_0_4,b_0_05
RegressionByEye,2,160,64,scatter,n_0_1,b_0_05
RegressionByEye,2,161,65,scatter,n_0_1,b_0_1
RegressionByEye,2,162,66,line,p_0_2,b_0_15
RegressionByEye,2,163,67,area,p_0_4,b_0_05
RegressionByEye,2,164,68,scatter,p_0_8,b_0_15
RegressionByEye,2,165,69,line,n_0_4,b_0_1
RegressionByEye,2,166,70,line,n_0_4,b_0_15
RegressionByEye,2,167,71,area,n_0_4,b_0_1
RegressionByEye,2,168,72,area,p_0_2,b_0_2
RegressionByEye,2,169,73,area,p_0_1,b_0_15
RegressionByEye,2,170,74,area,n_0_4,b_0_2
RegressionByEye,2,171,75,line,p_0_8,b_0_1
RegressionByEye,2,172,76,scatter,p_0_1,b_0_15
RegressionByEye,2,173,77,scatter,p_0_1,b_0_2
RegressionByEye,2,174,78,scatter,n_0_1,b_0_2
RegressionByEye,2,175,79,scatter,n_0_2,b_0_05
RegressionByEye,2,176,80,line,n_0_1,b_0_15
RegressionByEye,2,177,81,line,p_0_4,b_0_05
RegressionByEye,2,178,82,area,n_0_2,b_0_15
RegressionByEye,2,179,83,line,n_0_2,b_0_05
RegressionByEye,2,180,84,scatter,p_0_4,b_0_05
RegressionByEye,2,181,85,scatter,n_0_1,b_0_15
RegressionByEye,2,182,86,line,p_0_8,b_0_15
RegressionByEye,2,183,87,scatter,p_0_4,b_0_1
RegressionByEye,2,184,88,area,p_0_4,b_0_15
RegressionByEye,2,185,89,area,p_0_8,b_0_05
RegressionByEye,2,186,90,scatter,n_0_4,b_0_15
RegressionByEye,2,187,91,area,p_0_4,b_0_2
RegressionByEye,2,188,92,scatter,p_0_1,b_0_1
RegressionByEye,2,189,93,area,p_0_1,b_0_05
RegressionByEye,2,190,94,line,n_0_2,b_0_15
RegressionByEye,2,191,95,line,p_0_2,b_0_2
RegressionByEye,2,192,96,scatter,n_0_4,b_0_2
RegressionByEye,3,193,1,line,n_0_8,b_0_05
RegressionByEye,3,194,2,area,p_0_2,b_0_05
RegressionByEye,3,195,3,area,n_0_1,b_0_1
RegressionByEye,3,196,4,area,n_0_1,b_0_05
RegressionByEye,3,197,5,line,p_0_1,b_0_1
RegressionByEye,3,198,6,scatter,p_0_2,b_0_15
RegressionByEye,3,199,7,area,n_0_1,b_0_2
RegressionByEye,3,200,8,scatter,p_0_2,b_0_2
RegressionByEye,3,201,9,scatter,p_0_1,b_0_05
RegressionByEye,3,202,10,line,n_0_1,b_0_05
RegressionByEye,3,203,11,line,p_0_1,b_0_05
RegressionByEye,3,204,12,scatter,p_0_4,b_0_15
RegressionByEye,3,205,13,line,n_0_1,b_0_2
RegressionByEye,3,206,14,area,p_0_1,b_0_1
RegressionByEye,3,207,15,area,n_0_2,b_0_1
RegressionByEye,3,208,16,line,n_0_4,b_0_2
RegressionByEye,3,209,17,line,n_0_2,b_0_2
RegressionByEye,3,210,18,scatter,p_0_2,b_0_05
RegressionByEye,3,211,19,line,n_0_1,b_0_1
RegressionByEye,3,212,20,scatter,p_0_2,b_0_1
RegressionByEye,3,213,21,scatter,n_0_8,b_0_2
RegressionByEye,3,214,22,line,n_0_8,b_0_15
RegressionByEye,3,215,23,scatter,p_0_8,b_0_05
RegressionByEye,3,216,24,area,n_0_8,b_0_05
RegressionByEye,3,217,25,area,n_0_8,b_0_15
RegressionByEye,3,218,26,scatter,p_0_8,b_0_1
RegressionByEye,3,219,27,line,p_0_8,b_0_05
RegressionByEye,3,220,28,area,p_0_2,b_0_1
RegressionByEye,3,221,29,area,n_0_8,b_0_2
RegressionByEye,3,222,30,area,p_0_8,b_0_1
RegressionByEye,3,223,31,line,n_0_2,b_0_1
RegressionByEye,3,224,32,area,n_0_1,b_0_15
RegressionByEye,3,225,33,scatter,p_0_4,b_0_2
RegressionByEye,3,226,34,line,p_0_2,b_0_05
RegressionByEye,3,227,35,area,n_0_4,b_0_15
RegressionByEye,3,228,36,area,p_0_4,b_0_1
RegressionByEye,3,229,37,line,p_0_4,b_0_1
RegressionByEye,3,230,38,scatter,n_0_8,b_0_15
RegressionByEye,3,231,39,scatter,n_0_4,b_0_05
RegressionByEye,3,232,40,area,n_0_2,b_0_2
RegressionByEye,3,233,41,scatter,p_0_8,b_0_2
RegressionByEye,3,234,42,area,p_0_2,b_0_15
RegressionByEye,3,235,43,line,p_0_4,b_0_2
RegressionByEye,3,236,44,line,p_0_1,b_0_15
RegressionByEye,3,237,45,line,p_0_8,b_0_2
RegressionByEye,3,238,46,line,p_0_4,b_0_15
RegressionByEye,3,239,47,scatter,n_0_8,b_0_05
RegressionByEye,3,240,48,area,n_0_4,b_0_05
RegressionByEye,3,241,49,scatter,n_0_2,b_0_1
RegressionByEye,3,242,50,area,p_0_8,b_0_15
RegressionByEye,3,243,51,line,p_0_1,b_0_2
RegressionByEye,3,244,52,scatter,n_0_8,b_0_1
RegressionByEye,3,245,53,line,n_0_8,b_0_2
RegressionByEye,3,246,54,area,p_0_1,b_0_2
RegressionByEye,3,247,55,area,n_0_2,b_0_05
RegressionByEye,3,248,56,scatter,n_0_2,b_0_2
RegressionByEye,3,249,57,scatter,n_0_4,b_0_1
RegressionByEye,3,250,58,area,p_0_8,b_0_2
RegressionByEye,3,251,59,scatter,n_0_2,b_0_15
RegressionByEye,3,252,60,line,n_0_8,b_0_1
RegressionByEye,3,253,61,line,p_0_2,b_0_1
RegressionByEye,3,254,62,area,n_0_8,b_0_1
RegressionByEye,3,255,63,line,n_0_4,b_0_05
RegressionByEye,3,256,64,scatter,n_0_1,b_0_05
RegressionByEye,3,257,65,scatter,n_0_1,b_0_1
RegressionByEye,3,258,66,line,p_0_2,b_0_15
RegressionByEye,3,259,67,area,p_0_4,b_0_05
RegressionByEye,3,260,68,scatter,p_0_8,b_0_15
RegressionByEye,3,261,69,line,n_0_4,b_0_1
RegressionByEye,3,262,70,line,n_0_4,b_0_15
RegressionByEye,3,263,71,area,n_0_4,b_0_1
RegressionByEye,3,264,72,area,p_0_2,b_0_2
RegressionByEye,3,265,73,area,p_0_1,b_0_15
RegressionByEye,3,266,74,area,n_0_4,b_0_2
RegressionByEye,3,267,75,line,p_0_8,b_0_1
RegressionByEye,3,268,76,scatter,p_0_1,b_0_15
RegressionByEye,3,269,77,scatter,p_0_1,b_0_2
RegressionByEye,3,270,78,scatter,n_0_1,b_0_2
RegressionByEye,3,271,79,scatter,n_0_2,b_0_05
RegressionByEye,3,272,80,line,n_0_1,b_0_15
RegressionByEye,3,273,81,line,p_0_4,b_0_05
RegressionByEye,3,274,82,area,n_0_2,b_0_15
RegressionByEye,3,275,83,line,n_0_2,b_0_05
RegressionByEye,3,276,84,scatter,p_0_4,b_0_05
RegressionByEye,3,277,85,scatter,n_0_1,b_0_15
RegressionByEye,3,278,86,line,p_0_8,b_0_15
RegressionByEye,3,279,87,scatter,p_0_4,b_0_1
RegressionByEye,3,280,88,area,p_0_4,b_0_15
RegressionByEye,3,281,89,area,p_0_8,b_0_05
RegressionByEye,3,282,90,scatter,n_0_4,b_0_15
RegressionByEye,3,283,91,area,p_0_4,b_0_2
RegressionByEye,3,284,92,scatter,p_0_1,b_0_1
RegressionByEye,3,285,93,area,p_0_1,b_0_05
RegressionByEye,3,286,94,line,n_0_2,b_0_15
RegressionByEye,3,287,95,line,p_0_2,b_0_2
RegressionByEye,3,288,96,scatter,n_0_4,b_0_2
RegressionByEye,4,289,1,line,n_0_8,b_0_05
RegressionByEye,4,290,2,area,p_0_2,b_0_05
RegressionByEye,4,291,3,area,n_0_1,b_0_1
RegressionByEye,4,292,4,area,n_0_1,b_0_05
RegressionByEye,4,293,5,line,p_0_1,b_0_1
RegressionByEye,4,294,6,scatter,p_0_2,b_0_15
RegressionByEye,4,295,7,area,n_0_1,b_0_2
RegressionByEye,4,296,8,scatter,p_0_2,b_0_2
RegressionByEye,4,297,9,scatter,p_0_1,b_0_05
RegressionByEye,4,298,10,line,n_0_1,b_0_05
RegressionByEye,4,299,11,line,p_0_1,b_0_05
RegressionByEye,4,300,12,scatter,p_0_4,b_0_15
RegressionByEye,4,301,13,line,n_0_1,b_0_2
RegressionByEye,4,302,14,area,p_0_1,b_0_1
RegressionByEye,4,303,15,area,n_0_2,b_0_1
RegressionByEye,4,304,16,line,n_0_4,b_0_2
RegressionByEye,4,305,17,line,n_0_2,b_0_2
RegressionByEye,4,306,18,scatter,p_0_2,b_0_05
RegressionByEye,4,307,19,line,n_0_1,b_0_1
RegressionByEye,4,308,20,scatter,p_0_2,b_0_1
RegressionByEye,4,309,21,scatter,n_0_8,b_0_2
RegressionByEye,4,310,22,line,n_0_8,b_0_15
RegressionByEye,4,311,23,scatter,p_0_8,b_0_05
RegressionByEye,4,312,24,area,n_0_8,b_0_05
RegressionByEye,4,313,25,area,n_0_8,b_0_15
RegressionByEye,4,314,26,scatter,p_0_8,b_0_1
RegressionByEye,4,315,27,line,p_0_8,b_0_05
RegressionByEye,4,316,28,area,p_0_2,b_0_1
RegressionByEye,4,317,29,area,n_0_8,b_0_2
RegressionByEye,4,318,30,area,p_0_8,b_0_1
RegressionByEye,4,319,31,line,n_0_2,b_0_1
RegressionByEye,4,320,32,area,n_0_1,b_0_15
RegressionByEye,4,321,33,scatter,p_0_4,b_0_2
RegressionByEye,4,322,34,line,p_0_2,b_0_05
RegressionByEye,4,323,35,area,n_0_4,b_0_15
RegressionByEye,4,324,36,area,p_0_4,b_0_1
RegressionByEye,4,325,37,line,p_0_4,b_0_1
RegressionByEye,4,326,38,scatter,n_0_8,b_0_15
RegressionByEye,4,327,39,scatter,n_0_4,b_0_05
RegressionByEye,4,328,40,area,n_0_2,b_0_2
RegressionByEye,4,329,41,scatter,p_0_8,b_0_2
RegressionByEye,4,330,42,area,p_0_2,b_0_15
RegressionByEye,4,331,43,line,p_0_4,b_0_2
RegressionByEye,4,332,44,line,p_0_1,b_0_15
RegressionByEye,4,333,45,line,p_0_8,b_0_2
RegressionByEye,4,334,46,line,p_0_4,b_0_15
RegressionByEye,4,335,47,scatter,n_0_8,b_0_05
RegressionByEye,4,336,48,area,n_0_4,b_0_05
RegressionByEye,4,337,49,scatter,n_0_2,b_0_1
RegressionByEye,4,338,50,area,p_0_8,b_0_15
RegressionByEye,4,339,51,line,p_0_1,b_0_2
RegressionByEye,4,340,52,scatter,n_0_8,b_0_1
RegressionByEye,4,341,53,line,n_0_8,b_0_2
RegressionByEye,4,342,54,area,p_0_1,b_0_2
RegressionByEye,4,343,55,area,n_0_2,b_0_05
RegressionByEye,4,344,56,scatter,n_0_2,b_0_2
RegressionByEye,4,345,57,scatter,n_0_4,b_0_1
RegressionByEye,4,346,58,area,p_0_8,b_0_2
RegressionByEye,4,347,59,scatter,n_0_2,b_0_15
RegressionByEye,4,348,60,line,n_0_8,b_0_1
RegressionByEye,4,349,61,line,p_0_2,b_0_1
RegressionByEye,4,350,62,area,n_0_8,b_0_1
RegressionByEye,4,351,63,line,n_0_4,b_0_05
RegressionByEye,4,352,64,scatter,n_0_1,b_0_05
RegressionByEye,4,353,65,scatter,n_0_1,b_0_1
RegressionByEye,4,354,66,line,p_0_2,b_0_15
RegressionByEye,4,355,67,area,p_0_4,b_0_05
RegressionByEye,4,356,68,scatter,p_0_8,b_0_15
RegressionByEye,4,357,69,line,n_0_4,b_0_1
RegressionByEye,4,358,70,line,n_0_4,b_0_15
RegressionByEye,4,359,71,area,n_0_4,b_0_1
RegressionByEye,4,360,72,area,p_0_2,b_0_2
RegressionByEye,4,361,73,area,p_0_1,b_0_15
RegressionByEye,4,362,74,area,n_0_4,b_0_2
RegressionByEye,4,363,75,line,p_0_8,b_0_1
RegressionByEye,4,364,76,scatter,p_0_1,b_0_15
RegressionByEye,4,365,77,scatter,p_0_1,b_0_2
RegressionByEye,4,366,78,scatter,n_0_1,b_0_2
RegressionByEye,4,367,79,scatter,n_0_2,b_0_05
RegressionByEye,4,368,80,line,n_0_1,b_0_15
RegressionByEye,4,369,81,line,p_0_4,b_0_05
RegressionByEye,4,370,82,area,n_0_2,b_0_15
RegressionByEye,4,371,83,line,n_0_2,b_0_05
RegressionByEye,4,372,84,scatter,p_0_4,b_0_05
RegressionByEye,4,373,85,scatter,n_0_1,b_0_15
RegressionByEye,4,374,86,line,p_0_8,b_0_15
RegressionByEye,4,375,87,scatter,p_0_4,b_0_1
RegressionByEye,4,376,88,area,p_0_4,b_0_15
RegressionByEye,4,377,89,area,p_0_8,b_0_05
RegressionByEye,4,378,90,scatter,n_0_4,b_0_15
RegressionByEye,4,379,91,area,p_0_4,b_0_2
RegressionByEye,4,380,92,scatter,p_0_1,b_0_1
RegressionByEye,4,381,93,area,p_0_1,b_0_05
RegressionByEye,4,382,94,line,n_0_2,b_0_15
RegressionByEye,4,383,95,line,p_0_2,b_0_2
RegressionByEye,4,384,96,scatter,n_0_4,b_0_2
RegressionByEye,5,385,1,line,n_0_8,b_0_05
RegressionByEye,5,386,2,area,p_0_2,b_0_05
RegressionByEye,5,387,3,area,n_0_1,b_0_1
RegressionByEye,5,388,4,area,n_0_1,b_0_05
RegressionByEye,5,389,5,line,p_0_1,b_0_1
RegressionByEye,5,390,6,scatter,p_0_2,b_0_15
RegressionByEye,5,391,7,area,n_0_1,b_0_2
RegressionByEye,5,392,8,scatter,p_0_2,b_0_2
RegressionByEye,5,393,9,scatter,p_0_1,b_0_05
RegressionByEye,5,394,10,line,n_0_1,b_0_05
RegressionByEye,5,395,11,line,p_0_1,b_0_05
RegressionByEye,5,396,12,scatter,p_0_4,b_0_15
RegressionByEye,5,397,13,line,n_0_1,b_0_2
RegressionByEye,5,398,14,area,p_0_1,b_0_1
RegressionByEye,5,399,15,area,n_0_2,b_0_1
RegressionByEye,5,400,16,line,n_0_4,b_0_2
RegressionByEye,5,401,17,line,n_0_2,b_0_2
RegressionByEye,5,402,18,scatter,p_0_2,b_0_05
RegressionByEye,5,403,19,line,n_0_1,b_0_1
RegressionByEye,5,404,20,scatter,p_0_2,b_0_1
RegressionByEye,5,405,21,scatter,n_0_8,b_0_2
RegressionByEye,5,406,22,line,n_0_8,b_0_15
RegressionByEye,5,407,23,scatter,p_0_8,b_0_05
RegressionByEye,5,408,24,area,n_0_8,b_0_05
RegressionByEye,5,409,25,area,n_0_8,b_0_15
RegressionByEye,5,410,26,scatter,p_0_8,b_0_1
RegressionByEye,5,411,27,line,p_0_8,b_0_05
RegressionByEye,5,412,28,area,p_0_2,b_0_1
RegressionByEye,5,413,29,area,n_0_8,b_0_2
RegressionByEye,5,414,30,area,p_0_8,b_0_1
RegressionByEye,5,415,31,line,n_0_2,b_0_1
RegressionByEye,5,416,32,area,n_0_1,b_0_15
RegressionByEye,5,417,33,scatter,p_0_4,b_0_2
RegressionByEye,5,418,34,line,p_0_2,b_0_05
RegressionByEye,5,419,35,area,n_0_4,b_0_15
RegressionByEye,5,420,36,area,p_0_4,b_0_1
RegressionByEye,5,421,37,line,p_0_4,b_0_1
RegressionByEye,5,422,38,scatter,n_0_8,b_0_15
RegressionByEye,5,423,39,scatter,n_0_4,b_0_05
RegressionByEye,5,424,40,area,n_0_2,b_0_2
RegressionByEye,5,425,41,scatter,p_0_8,b_0_2
RegressionByEye,5,426,42,area,p_0_2,b_0_15
RegressionByEye,5,427,43,line,p_0_4,b_0_2
RegressionByEye,5,428,44,line,p_0_1,b_0_15
RegressionByEye,5,429,45,line,p_0_8,b_0_2
RegressionByEye,5,430,46,line,p_0_4,b_0_15
RegressionByEye,5,431,47,scatter,n_0_8,b_0_05
RegressionByEye,5,432,48,area,n_0_4,b_0_05
RegressionByEye,5,433,49,scatter,n_0_2,b_0_1
RegressionByEye,5,434,50,area,p_0_8,b_0_15
RegressionByEye,5,435,51,line,p_0_1,b_0_2
RegressionByEye,5,436,52,scatter,n_0_8,b_0_1
RegressionByEye,5,437,53,line,n_0_8,b_0_2
RegressionByEye,5,438,54,area,p_0_1,b_0_2
RegressionByEye,5,439,55,area,n_0_2,b_0_05
RegressionByEye,5,440,56,scatter,n_0_2,b_0_2
RegressionByEye,5,441,57,scatter,n_0_4,b_0_1
RegressionByEye,5,442,58,area,p_0_8,b_0_2
RegressionByEye,5,443,59,scatter,n_0_2,b_0_15
RegressionByEye,5,444,60,line,n_0_8,b_0_1
RegressionByEye,5,445,61,line,p_0_2,b_0_1
RegressionByEye,5,446,62,area,n_0_8,b_0_1
RegressionByEye,5,447,63,line,n_0_4,b_0_05
RegressionByEye,5,448,64,scatter,n_0_1,b_0_05
RegressionByEye,5,449,65,scatter,n_0_1,b_0_1
RegressionByEye,5,450,66,line,p_0_2,b_0_15
RegressionByEye,5,451,67,area,p_0_4,b_0_05
RegressionByEye,5,452,68,scatter,p_0_8,b_0_15
RegressionByEye,5,453,69,line,n_0_4,b_0_1
RegressionByEye,5,454,70,line,n_0_4,b_0_15
RegressionByEye,5,455,71,area,n_0_4,b_0_1
RegressionByEye,5,456,72,area,p_0_2,b_0_2
RegressionByEye,5,457,73,area,p_0_1,b_0_15
RegressionByEye,5,458,74,area,n_0_4,b_0_2
RegressionByEye,5,459,75,line,p_0_8,b_0_1
RegressionByEye,5,460,76,scatter,p_0_1,b_0_15
RegressionByEye,5,461,77,scatter,p_0_1,b_0_2
RegressionByEye,5,462,78,scatter,n_0_1,b_0_2
RegressionByEye,5,463,79,scatter,n_0_2,b_0_05
RegressionByEye,5,464,80,line,n_0_1,b_0_15
RegressionByEye,5,465,81,line,p_0_4,b_0_05
RegressionByEye,5,466,82,area,n_0_2,b_0_15
RegressionByEye,5,467,83,line,n_0_2,b_0_05
RegressionByEye,5,468,84,scatter,p_0_4,b_0_05
RegressionByEye,5,469,85,scatter,n_0_1,b_0_15
RegressionByEye,5,470,86,line,p_0_8,b_0_15
RegressionByEye,5,471,87,scatter,p_0_4,b_0_1
RegressionByEye,5,472,88,area,p_0_4,b_0_15
RegressionByEye,5,473,89,area,p_0_8,b_0_05
RegressionByEye,5,474,90,scatter,n_0_4,b_0_15
RegressionByEye,5,475,91,area,p_0_4,b_0_2
RegressionByEye,5,476,92,scatter,p_0_1,b_0_1
RegressionByEye,5,477,93,area,p_0_1,b_0_05
RegressionByEye,5,478,94,line,n_0_2,b_0_15
RegressionByEye,5,479,95,line,p_0_2,b_0_2
RegressionByEye,5,480,96,scatter,n_0_4,b_0_2
RegressionByEye,6,481,1,line,n_0_8,b_0_05
RegressionByEye,6,482,2,area,p_0_2,b_0_05
RegressionByEye,6,483,3,area,n_0_1,b_0_1
RegressionByEye,6,484,4,area,n_0_1,b_0_05
RegressionByEye,6,485,5,line,p_0_1,b_0_1
RegressionByEye,6,486,6,scatter,p_0_2,b_0_15
RegressionByEye,6,487,7,area,n_0_1,b_0_2
RegressionByEye,6,488,8,scatter,p_0_2,b_0_2
RegressionByEye,6,489,9,scatter,p_0_1,b_0_05
RegressionByEye,6,490,10,line,n_0_1,b_0_05
RegressionByEye,6,491,11,line,p_0_1,b_0_05
RegressionByEye,6,492,12,scatter,p_0_4,b_0_15
RegressionByEye,6,493,13,line,n_0_1,b_0_2
RegressionByEye,6,494,14,area,p_0_1,b_0_1
RegressionByEye,6,495,15,area,n_0_2,b_0_1
RegressionByEye,6,496,16,line,n_0_4,b_0_2
RegressionByEye,6,497,17,line,n_0_2,b_0_2
RegressionByEye,6,498,18,scatter,p_0_2,b_0_05
RegressionByEye,6,499,19,line,n_0_1,b_0_1
RegressionByEye,6,500,20,scatter,p_0_2,b_0_1
RegressionByEye,6,501,21,scatter,n_0_8,b_0_2
RegressionByEye,6,502,22,line,n_0_8,b_0_15
RegressionByEye,6,503,23,scatter,p_0_8,b_0_05
RegressionByEye,6,504,24,area,n_0_8,b_0_05
RegressionByEye,6,505,25,area,n_0_8,b_0_15
RegressionByEye,6,506,26,scatter,p_0_8,b_0_1
RegressionByEye,6,507,27,line,p_0_8,b_0_05
RegressionByEye,6,508,28,area,p_0_2,b_0_1
RegressionByEye,6,509,29,area,n_0_8,b_0_2
RegressionByEye,6,510,30,area,p_0_8,b_0_1
RegressionByEye,6,511,31,line,n_0_2,b_0_1
RegressionByEye,6,512,32,area,n_0_1,b_0_15
RegressionByEye,6,513,33,scatter,p_0_4,b_0_2
RegressionByEye,6,514,34,line,p_0_2,b_0_05
RegressionByEye,6,515,35,area,n_0_4,b_0_15
RegressionByEye,6,516,36,area,p_0_4,b_0_1
RegressionByEye,6,517,37,line,p_0_4,b_0_1
RegressionByEye,6,518,38,scatter,n_0_8,b_0_15
RegressionByEye,6,519,39,scatter,n_0_4,b_0_05
RegressionByEye,6,520,40,area,n_0_2,b_0_2
RegressionByEye,6,521,41,scatter,p_0_8,b_0_2
RegressionByEye,6,522,42,area,p_0_2,b_0_15
RegressionByEye,6,523,43,line,p_0_4,b_0_2
RegressionByEye,6,524,44,line,p_0_1,b_0_15
RegressionByEye,6,525,45,line,p_0_8,b_0_2
RegressionByEye,6,526,46,line,p_0_4,b_0_15
RegressionByEye,6,527,47,scatter,n_0_8,b_0_05
RegressionByEye,6,528,48,area,n_0_4,b_0_05
RegressionByEye,6,529,49,scatter,n_0_2,b_0_1
RegressionByEye,6,530,50,area,p_0_8,b_0_15
RegressionByEye,6,531,51,line,p_0_1,b_0_2
RegressionByEye,6,532,52,scatter,n_0_8,b_0_1
RegressionByEye,6,533,53,line,n_0_8,b_0_2
RegressionByEye,6,534,54,area,p_0_1,b_0_2
RegressionByEye,6,535,55,area,n_0_2,b_0_05
RegressionByEye,6,536,56,scatter,n_0_2,b_0_2
RegressionByEye,6,537,57,scatter,n_0_4,b_0_1
RegressionByEye,6,538,58,area,p_0_8,b_0_2
RegressionByEye,6,539,59,scatter,n_0_2,b_0_15
RegressionByEye,6,540,60,line,n_0_8,b_0_1
RegressionByEye,6,541,61,line,p_0_2,b_0_1
RegressionByEye,6,542,62,area,n_0_8,b_0_1
RegressionByEye,6,543,63,line,n_0_4,b_0_05
RegressionByEye,6,544,64,scatter,n_0_1,b_0_05
RegressionByEye,6,545,65,scatter,n_0_1,b_0_1
RegressionByEye,6,546,66,line,p_0_2,b_0_15
RegressionByEye,6,547,67,area,p_0_4,b_0_05
RegressionByEye,6,548,68,scatter,p_0_8,b_0_15
RegressionByEye,6,549,69,line,n_0_4,b_0_1
RegressionByEye,6,550,70,line,n_0_4,b_0_15
RegressionByEye,6,551,71,area,n_0_4,b_0_1
RegressionByEye,6,552,72,area,p_0_2,b_0_2
RegressionByEye,6,553,73,area,p_0_1,b_0_15
RegressionByEye,6,554,74,area,n_0_4,b_0_2
RegressionByEye,6,555,75,line,p_0_8,b_0_1
RegressionByEye,6,556,76,scatter,p_0_1,b_0_15
RegressionByEye,6,557,77,scatter,p_0_1,b_0_2
RegressionByEye,6,558,78,scatter,n_0_1,b_0_2
RegressionByEye,6,559,79,scatter,n_0_2,b_0_05
RegressionByEye,6,560,80,line,n_0_1,b_0_15
RegressionByEye,6,561,81,line,p_0_4,b_0_05
RegressionByEye,6,562,82,area,n_0_2,b_0_15
RegressionByEye,6,563,83,line,n_0_2,b_0_05
RegressionByEye,6,564,84,scatter,p_0_4,b_0_05
RegressionByEye,6,565,85,scatter,n_0_1,b_0_15
RegressionByEye,6,566,86,line,p_0_8,b_0_15
RegressionByEye,6,567,87,scatter,p_0_4,b_0_1
RegressionByEye,6,568,88,area,p_0_4,b_0_15
RegressionByEye,6,569,89,area,p_0_8,b_0_05
RegressionByEye,6,570,90,scatter,n_0_4,b_0_15
RegressionByEye,6,571,91,area,p_0_4,b_0_2
RegressionByEye,6,572,92,scatter,p_0_1,b_0_1
RegressionByEye,6,573,93,area,p_0_1,b_0_05
RegressionByEye,6,574,94,line,n_0_2,b_0_15
RegressionByEye,6,575,95,line,p_0_2,b_0_2
RegressionByEye,6,576,96,scatter,n_0_4,b_0_2
RegressionByEye,7,577,1,line,n_0_8,b_0_05
RegressionByEye,7,578,2,area,p_0_2,b_0_05
RegressionByEye,7,579,3,area,n_0_1,b_0_1
RegressionByEye,7,580,4,area,n_0_1,b_0_05
RegressionByEye,7,581,5,line,p_0_1,b_0_1
RegressionByEye,7,582,6,scatter,p_0_2,b_0_15
RegressionByEye,7,583,7,area,n_0_1,b_0_2
RegressionByEye,7,584,8,scatter,p_0_2,b_0_2
RegressionByEye,7,585,9,scatter,p_0_1,b_0_05
RegressionByEye,7,586,10,line,n_0_1,b_0_05
RegressionByEye,7,587,11,line,p_0_1,b_0_05
RegressionByEye,7,588,12,scatter,p_0_4,b_0_15
RegressionByEye,7,589,13,line,n_0_1,b_0_2
RegressionByEye,7,590,14,area,p_0_1,b_0_1
RegressionByEye,7,591,15,area,n_0_2,b_0_1
RegressionByEye,7,592,16,line,n_0_4,b_0_2
RegressionByEye,7,593,17,line,n_0_2,b_0_2
RegressionByEye,7,594,18,scatter,p_0_2,b_0_05
RegressionByEye,7,595,19,line,n_0_1,b_0_1
RegressionByEye,7,596,20,scatter,p_0_2,b_0_1
RegressionByEye,7,597,21,scatter,n_0_8,b_0_2
RegressionByEye,7,598,22,line,n_0_8,b_0_15
RegressionByEye,7,599,23,scatter,p_0_8,b_0_05
RegressionByEye,7,600,24,area,n_0_8,b_0_05
RegressionByEye,7,601,25,area,n_0_8,b_0_15
RegressionByEye,7,602,26,scatter,p_0_8,b_0_1
RegressionByEye,7,603,27,line,p_0_8,b_0_05
RegressionByEye,7,604,28,area,p_0_2,b_0_1
RegressionByEye,7,605,29,area,n_0_8,b_0_2
RegressionByEye,7,606,30,area,p_0_8,b_0_1
RegressionByEye,7,607,31,line,n_0_2,b_0_1
RegressionByEye,7,608,32,area,n_0_1,b_0_15
RegressionByEye,7,609,33,scatter,p_0_4,b_0_2
RegressionByEye,7,610,34,line,p_0_2,b_0_05
RegressionByEye,7,611,35,area,n_0_4,b_0_15
RegressionByEye,7,612,36,area,p_0_4,b_0_1
RegressionByEye,7,613,37,line,p_0_4,b_0_1
RegressionByEye,7,614,38,scatter,n_0_8,b_0_15
RegressionByEye,7,615,39,scatter,n_0_4,b_0_05
RegressionByEye,7,616,40,area,n_0_2,b_0_2
RegressionByEye,7,617,41,scatter,p_0_8,b_0_2
RegressionByEye,7,618,42,area,p_0_2,b_0_15
RegressionByEye,7,619,43,line,p_0_4,b_0_2
RegressionByEye,7,620,44,line,p_0_1,b_0_15
RegressionByEye,7,621,45,line,p_0_8,b_0_2
RegressionByEye,7,622,46,line,p_0_4,b_0_15
RegressionByEye,7,623,47,scatter,n_0_8,b_0_05
RegressionByEye,7,624,48,area,n_0_4,b_0_05
RegressionByEye,7,625,49,scatter,n_0_2,b_0_1
RegressionByEye,7,626,50,area,p_0_8,b_0_15
RegressionByEye,7,627,51,line,p_0_1,b_0_2
RegressionByEye,7,628,52,scatter,n_0_8,b_0_1
RegressionByEye,7,629,53,line,n_0_8,b_0_2
RegressionByEye,7,630,54,area,p_0_1,b_0_2
RegressionByEye,7,631,55,area,n_0_2,b_0_05
RegressionByEye,7,632,56,scatter,n_0_2,b_0_2
RegressionByEye,7,633,57,scatter,n_0_4,b_0_1
RegressionByEye,7,634,58,area,p_0_8,b_0_2
RegressionByEye,7,635,59,scatter,n_0_2,b_0_15
RegressionByEye,7,636,60,line,n_0_8,b_0_1
RegressionByEye,7,637,61,line,p_0_2,b_0_1
RegressionByEye,7,638,62,area,n_0_8,b_0_1
RegressionByEye,7,639,63,line,n_0_4,b_0_05
RegressionByEye,7,640,64,scatter,n_0_1,b_0_05
RegressionByEye,7,641,65,scatter,n_0_1,b_0_1
RegressionByEye,7,642,66,line,p_0_2,b_0_15
RegressionByEye,7,643,67,area,p_0_4,b_0_05
RegressionByEye,7,644,68,scatter,p_0_8,b_0_15
RegressionByEye,7,645,69,line,n_0_4,b_0_1
RegressionByEye,7,646,70,line,n_0_4,b_0_15
RegressionByEye,7,647,71,area,n_0_4,b_0_1
RegressionByEye,7,648,72,area,p_0_2,b_0_2
RegressionByEye,7,649,73,area,p_0_1,b_0_15
RegressionByEye,7,650,74,area,n_0_4,b_0_2
RegressionByEye,7,651,75,line,p_0_8,b_0_1
RegressionByEye,7,652,76,scatter,p_0_1,b_0_15
RegressionByEye,7,653,77,scatter,p_0_1,b_0_2
RegressionByEye,7,654,78,scatter,n_0_1,b_0_2
RegressionByEye,7,655,79,scatter,n_0_2,b_0_05
RegressionByEye,7,656,80,line,n_0_1,b_0_15
RegressionByEye,7,657,81,line,p_0_4,b_0_05
RegressionByEye,7,658,82,area,n_0_2,b_0_15
RegressionByEye,7,659,83,line,n_0_2,b_0_05
RegressionByEye,7,660,84,scatter,p_0_4,b_0_05
RegressionByEye,7,661,85,scatter,n_0_1,b_0_15
RegressionByEye,7,662,86,line,p_0_8,b_0_15
RegressionByEye,7,663,87,scatter,p_0_4,b_0_1
RegressionByEye,7,664,88,area,p_0_4,b_0_15
RegressionByEye,7,665,89,area,p_0_8,b_0_05
RegressionByEye,7,666,90,scatter,n_0_4,b_0_15
RegressionByEye,7,667,91,area,p_0_4,b_0_2
RegressionByEye,7,668,92,scatter,p_0_1,b_0_1
RegressionByEye,7,669,93,area,p_0_1,b_0_05
RegressionByEye,7,670,94,line,n_0_2,b_0_15
RegressionByEye,7,671,95,line,p_0_2,b_0_2
RegressionByEye,7,672,96,scatter,n_0_4,b_0_2
RegressionByEye,8,673,1,line,n_0_8,b_0_05
RegressionByEye,8,674,2,area,p_0_2,b_0_05
RegressionByEye,8,675,3,area,n_0_1,b_0_1
RegressionByEye,8,676,4,area,n_0_1,b_0_05
RegressionByEye,8,677,5,line,p_0_1,b_0_1
RegressionByEye,8,678,6,scatter,p_0_2,b_0_15
RegressionByEye,8,679,7,area,n_0_1,b_0_2
RegressionByEye,8,680,8,scatter,p_0_2,b_0_2
RegressionByEye,8,681,9,scatter,p_0_1,b_0_05
RegressionByEye,8,682,10,line,n_0_1,b_0_05
RegressionByEye,8,683,11,line,p_0_1,b_0_05
RegressionByEye,8,684,12,scatter,p_0_4,b_0_15
RegressionByEye,8,685,13,line,n_0_1,b_0_2
RegressionByEye,8,686,14,area,p_0_1,b_0_1
RegressionByEye,8,687,15,area,n_0_2,b_0_1
RegressionByEye,8,688,16,line,n_0_4,b_0_2
RegressionByEye,8,689,17,line,n_0_2,b_0_2
RegressionByEye,8,690,18,scatter,p_0_2,b_0_05
RegressionByEye,8,691,19,line,n_0_1,b_0_1
RegressionByEye,8,692,20,scatter,p_0_2,b_0_1
RegressionByEye,8,693,21,scatter,n_0_8,b_0_2
RegressionByEye,8,694,22,line,n_0_8,b_0_15
RegressionByEye,8,695,23,scatter,p_0_8,b_0_05
RegressionByEye,8,696,24,area,n_0_8,b_0_05
RegressionByEye,8,697,25,area,n_0_8,b_0_15
RegressionByEye,8,698,26,scatter,p_0_8,b_0_1
RegressionByEye,8,699,27,line,p_0_8,b_0_05
RegressionByEye,8,700,28,area,p_0_2,b_0_1
RegressionByEye,8,701,29,area,n_0_8,b_0_2
RegressionByEye,8,702,30,area,p_0_8,b_0_1
RegressionByEye,8,703,31,line,n_0_2,b_0_1
RegressionByEye,8,704,32,area,n_0_1,b_0_15
RegressionByEye,8,705,33,scatter,p_0_4,b_0_2
RegressionByEye,8,706,34,line,p_0_2,b_0_05
RegressionByEye,8,707,35,area,n_0_4,b_0_15
RegressionByEye,8,708,36,area,p_0_4,b_0_1
RegressionByEye,8,709,37,line,p_0_4,b_0_1
RegressionByEye,8,710,38,scatter,n_0_8,b_0_15
RegressionByEye,8,711,39,scatter,n_0_4,b_0_05
RegressionByEye,8,712,40,area,n_0_2,b_0_2
RegressionByEye,8,713,41,scatter,p_0_8,b_0_2
RegressionByEye,8,714,42,area,p_0_2,b_0_15
RegressionByEye,8,715,43,line,p_0_4,b_0_2
RegressionByEye,8,716,44,line,p_0_1,b_0_15
RegressionByEye,8,717,45,line,p_0_8,b_0_2
RegressionByEye,8,718,46,line,p_0_4,b_0_15
RegressionByEye,8,719,47,scatter,n_0_8,b_0_05
RegressionByEye,8,720,48,area,n_0_4,b_0_05
RegressionByEye,8,721,49,scatter,n_0_2,b_0_1
RegressionByEye,8,722,50,area,p_0_8,b_0_15
RegressionByEye,8,723,51,line,p_0_1,b_0_2
RegressionByEye,8,724,52,scatter,n_0_8,b_0_1
RegressionByEye,8,725,53,line,n_0_8,b_0_2
RegressionByEye,8,726,54,area,p_0_1,b_0_2
RegressionByEye,8,727,55,area,n_0_2,b_0_05
RegressionByEye,8,728,56,scatter,n_0_2,b_0_2
RegressionByEye,8,729,57,scatter,n_0_4,b_0_1
RegressionByEye,8,730,58,area,p_0_8,b_0_2
RegressionByEye,8,731,59,scatter,n_0_2,b_0_15
RegressionByEye,8,732,60,line,n_0_8,b_0_1
RegressionByEye,8,733,61,line,p_0_2,b_0_1
RegressionByEye,8,734,62,area,n_0_8,b_0_1
RegressionByEye,8,735,63,line,n_0_4,b_0_05
RegressionByEye,8,736,64,scatter,n_0_1,b_0_05
RegressionByEye,8,737,65,scatter,n_0_1,b_0_1
RegressionByEye,8,738,66,line,p_0_2,b_0_15
RegressionByEye,8,739,67,area,p_0_4,b_0_05
RegressionByEye,8,740,68,scatter,p_0_8,b_0_15
RegressionByEye,8,741,69,line,n_0_4,b_0_1
RegressionByEye,8,742,70,line,n_0_4,b_0_15
RegressionByEye,8,743,71,area,n_0_4,b_0_1
RegressionByEye,8,744,72,area,p_0_2,b_0_2
RegressionByEye,8,745,73,area,p_0_1,b_0_15
RegressionByEye,8,746,74,area,n_0_4,b_0_2
RegressionByEye,8,747,75,line,p_0_8,b_0_1
RegressionByEye,8,748,76,scatter,p_0_1,b_0_15
RegressionByEye,8,749,77,scatter,p_0_1,b_0_2
RegressionByEye,8,750,78,scatter,n_0_1,b_0_2
RegressionByEye,8,751,79,scatter,n_0_2,b_0_05
RegressionByEye,8,752,80,line,n_0_1,b_0_15
RegressionByEye,8,753,81,line,p_0_4,b_0_05
RegressionByEye,8,754,82,area,n_0_2,b_0_15
RegressionByEye,8,755,83,line,n_0_2,b_0_05
RegressionByEye,8,756,84,scatter,p_0_4,b_0_05
RegressionByEye,8,757,85,scatter,n_0_1,b_0_15
RegressionByEye,8,758,86,line,p_0_8,b_0_15
RegressionByEye,8,759,87,scatter,p_0_4,b_0_1
RegressionByEye,8,760,88,area,p_0_4,b_0_15
RegressionByEye,8,761,89,area,p_0_8,b_0_05
RegressionByEye,8,762,90,scatter,n_0_4,b_0_15
RegressionByEye,8,763,91,area,p_0_4,b_0_2
RegressionByEye,8,764,92,scatter,p_0_1,b_0_1
RegressionByEye,8,765,93,area,p_0_1,b_0_05
RegressionByEye,8,766,94,line,n_0_2,b_0_15
RegressionByEye,8,767,95,line,p_0_2,b_0_2
RegressionByEye,8,768,96,scatter,n_0_4,b_0_2
